product_id,name,category,subcategory,price,brand,avg_rating,n_reviews,in_stock,description,price_normalized,category_encoded
1,Implemented directional methodology,Toys,Toys_5,23.2,"Bryant, Guzman and Thomas",4.9,4398,1,Out final wrong but you religious long.,0.03578883372175499,9
2,Extended modular frame,Clothing,Clothing_2,330.51,"Levy, Brown and Patrick",2.4,362,0,Still decision run special red apply tend condition maintain.,0.6585672307224643,3
3,Object-based exuding protocol,Beauty,Beauty_4,57.44,Ritter PLC,1.4,1818,1,Front question wrong serious hospital month executive recent crime task hour capital sell.,0.10517782956733204,1
4,Reduced actuating strategy,Automotive,Automotive_3,198.61,Ellis-Martin,4.1,4821,1,Kind lot today decide source crime prepare gun task.,0.391265579086027,0
5,Customer-focused systematic toolset,Beauty,Beauty_1,243.97,Bennett Group,2.2,703,1,Unit benefit wind conference appear woman practice order wide.,0.48318978619920966,1
6,Self-enabling uniform initiative,Books,Books_3,159.39,Johnson and Sons,2.8,1694,0,Major read west present heart reality somebody probably sing ten practice every president.,0.31178437531664804,2
7,Multi-layered 24/7 capability,Beauty,Beauty_4,53.32,Miller Group,3.9,3706,1,Different only would look really behind or himself yourself reflect fear by foot research television.,0.09682845273077313,1
8,Public-key contextually-based initiative,Clothing,Clothing_3,27.12,"Smith, Hawkins and Herrera",3.8,185,1,Major million once research so buy send whole today Congress out conference never song but.,0.04373290100314115,3
9,De-engineered object-oriented database,Clothing,Clothing_2,465.31,"Martin, Hart and York",4.0,4227,1,Be by fear whom commercial with probably.,0.9317458709089067,3
10,Fully-configurable exuding analyzer,Grocery,Grocery_2,168.84,"Conway, Carter and Ferguson",2.7,3785,1,Officer reason mission worry goal Mrs decide between standard.,0.33093525179856115,5
11,Front-line 5thgeneration core,Toys,Toys_2,97.26,Evans and Sons,3.6,3240,1,Own democratic grow campaign performance avoid effort high tough.,0.18587496200222922,9
12,Open-architected logistical artificial intelligence,Health,Health_2,227.54,Rhodes-Bentley,2.7,36,1,Movie audience run yet recent cover head price star.,0.4498936062417671,6
13,Robust cohesive instruction set,Home & Kitchen,Home & Kitchen_3,377.4,Stewart Group,4.2,512,1,Ago page back by body nature at policy guy four event than.,0.7535920559327186,7
14,Face-to-face even-keeled access,Grocery,Grocery_2,186.07,Bennett and Sons,1.8,933,1,Weight situation but money then open southern believe give occur example even.,0.3658526699766947,5
15,Cross-platform actuating concept,Automotive,Automotive_5,483.13,Potts-Price,2.3,3183,0,South question small necessary think I or else rather require price central.,0.9678589522747999,0
16,Re-contextualized user-facing flexibility,Health,Health_1,177.22,Sellers Ltd,4.4,1413,1,Religious eat participant religious consumer worry sometimes maybe every into walk thing.,0.3479177221602999,6
17,Focused fault-tolerant productivity,Health,Health_5,46.95,Meza Group,1.5,965,1,Suddenly play baby drive behavior offer be experience upon space action way.,0.08391934339852063,6
18,Synergistic multimedia superstructure,Sports,Sports_1,95.61,Castillo PLC,3.8,4184,0,Recently if pattern treat second research reflect see each school week statement they month participant.,0.1825311581720539,8
19,Robust local concept,Toys,Toys_5,73.24,"Conrad, Gallagher and Mckee",2.5,1521,0,Avoid style message weight institution here health both trial.,0.13719728442598034,9
20,Fully-configurable needs-based throughput,Grocery,Grocery_2,279.68,Roberts Group,3.0,1149,1,Enter able piece hour type upon where middle throw very throughout.,0.5555578072753066,5
21,Pre-emptive analyzing help-desk,Beauty,Beauty_4,311.61,Gilbert LLC,4.5,78,0,Government accept three control great big man be method child buy.,0.6202654777586382,1
22,Pre-emptive 24hour collaboration,Books,Books_2,408.53,"Wright, Ruiz and Brooks",4.9,4140,0,Into consider speech board just style class government its grow that cup.,0.8166784881953592,2
23,Ergonomic executive analyzer,Toys,Toys_4,210.74,Foster Ltd,4.4,4003,1,Too civil current look professor entire inside nearly son research foot share.,0.41584760360725503,9
24,Open-architected motivating success,Clothing,Clothing_5,20.28,"Cameron, Price and Rodriguez",4.0,2392,1,Society call general add range appear stop involve.,0.029871314216232646,3
25,Right-sized user-facing access,Sports,Sports_2,271.12,Castillo-Campbell,1.7,3746,0,Set easy check memory economic short ten yes.,0.5382105583139123,8
26,Fully-configurable static interface,Grocery,Grocery_5,61.04,Wells Inc,1.5,4449,1,Particularly country talk pick chance build husband event court certainly adult current ten herself.,0.11247340156044178,5
27,Progressive fault-tolerant standardization,Grocery,Grocery_1,381.2,"Baird, Walker and Simmons",2.8,1790,0,Member popular fight especially exactly go individual floor.,0.7612929374810011,5
28,Business-focused contextually-based analyzer,Clothing,Clothing_2,152.37,Williams Ltd,5.0,3684,1,Deep line training beyond continue way hair fight best add necessary technology.,0.29755800993008413,3
29,Managed high-level support,Beauty,Beauty_1,222.34,Paul-Chapman,5.0,1941,1,He practice decide himself thought candidate sea build only treatment pressure couple relate understand avoid national.,0.4393555578072753,1
30,Mandatory exuding success,Health,Health_3,431.22,Mayo-Harris,3.4,3507,1,Analysis court nearly education theory table trade window thus.,0.8626608572297092,6
31,Organized responsive structure,Health,Health_2,393.5,Bartlett Inc,4.3,486,1,Industry use mean against out recent can animal not some really scientist however range.,0.786219475124126,6
32,Profound asynchronous concept,Grocery,Grocery_3,300.44,Christensen-Cruz,1.7,2397,1,Husband even contain civil design recent these so lay remain modern field detail.,0.5976289391022394,5
33,Triple-buffered encompassing neural-net,Health,Health_3,476.44,Jackson Inc,3.1,780,1,Draw although challenge third until establish so politics eat statement movement ability girl painting hard.,0.9543013476542709,6
34,Configurable tertiary neural-net,Toys,Toys_1,496.28,Bowen-Ortiz,4.5,1039,1,Far world personal action green room evidence eight administration price test voice on reveal read watch.,0.994508055527409,9
35,Function-based responsive productivity,Home & Kitchen,Home & Kitchen_2,357.14,"Pierce, Montoya and Walker",4.3,3217,0,Daughter picture teach house land role its chance look many least.,0.7125341979937176,7
36,Enhanced content-based open system,Books,Books_5,318.04,Harding-White,3.5,3073,0,Again clear concern hour part attorney author early training wife beyond.,0.6332961799574426,2
37,Progressive client-driven superstructure,Clothing,Clothing_1,204.41,Morrison Group,4.0,3023,0,Again step shake popular analysis eat base central physical add whom whatever blood.,0.4030195561860371,3
38,User-centric global strategy,Automotive,Automotive_3,293.07,Harris Group,4.5,763,0,Throughout spring film look during myself environment myself again and name bill though indeed ability.,0.582693281994123,0
39,Face-to-face 4thgeneration emulation,Beauty,Beauty_1,398.86,Cruz-Gomez,2.6,3519,1,Difficult these his this state both college body big what ground.,0.7970817712027561,1
40,Seamless full-range capability,Automotive,Automotive_3,164.82,Mclean-Gillespie,2.1,4483,1,Page concern most outside quickly change project.,0.3227885297395886,0
41,Innovative regional forecast,Health,Health_4,395.21,Hutchinson-Nelson,4.6,396,1,Product usually specific represent baby able value chance pretty floor hospital return size long.,0.7896848718208531,6
42,Cloned bifurcated orchestration,Clothing,Clothing_4,13.06,Moyer-Ramirez,4.7,1294,0,Follow camera should good management loss win own.,0.015239639274495896,3
43,Sharable full-range challenge,Automotive,Automotive_1,495.96,"Dorsey, Reyes and Dunn",2.7,1080,1,Move mouth start his ok instead official really security reflect dog able yes admit next.,0.9938595602391326,0
44,Devolved bifurcated approach,Books,Books_3,51.2,Ward-Atkinson,2.4,675,1,Far century table will tree drug still argue case.,0.09253217144594184,2
45,Total tertiary circuit,Books,Books_1,201.19,Quinn-Horton,2.2,1918,0,He reduce production available study that air half bad baby notice sport change.,0.3964940723477556,2
46,Enterprise-wide methodical synergy,Clothing,Clothing_1,5.54,Adkins Ltd,2.9,1087,1,Like reveal know population actually born art politics page community civil.,0.0,3
47,Object-based interactive software,Grocery,Grocery_4,9.6,Spencer-Gallegos,3.8,987,0,Maybe remember interest church win miss within by deep people despite contain second nice success.,0.008227783970007093,5
48,Team-oriented maximized matrices,Books,Books_4,40.06,Delgado-Sullivan,2.5,839,1,Close sound position crime board back owner suggest agreement executive must assume.,0.06995642922281893,2
49,Right-sized 24/7 system engine,Beauty,Beauty_3,441.09,Lopez-Harris,1.5,1090,1,Drive be now and worry low answer.,0.882662883777485,1
50,Cross-group fault-tolerant access,Clothing,Clothing_5,283.83,Walton-Benjamin,3.4,1344,0,Crime sell rise wind reflect best imagine scientist big space change onto him only.,0.5639679805451413,3
51,Automated explicit complexity,Beauty,Beauty_2,315.9,Fleming Inc,1.6,3372,0,Behavior responsibility this space pressure shoulder claim white might rock prepare us game size fund growth.,0.6289593677170939,1
52,Optional 6thgeneration structure,Home & Kitchen,Home & Kitchen_1,448.81,"Hughes, Clark and Bishop",1.6,1008,0,When note yes best address short finally test.,0.8983078326071537,7
53,Cross-group modular attitude,Beauty,Beauty_4,160.68,Edwards-Villa,1.6,2268,1,Attention office government author represent leave worry without shake.,0.31439862194751245,1
54,Organic solution-oriented challenge,Home & Kitchen,Home & Kitchen_5,302.49,Bonilla Group,3.9,2334,1,Guy expert important people quite kid mention.,0.6017833620427602,7
55,Secured foreground hub,Sports,Sports_2,261.29,Fleming PLC,3.0,3209,1,Enjoy then radio per popular scientist each start account table fact citizen human authority.,0.518289593677171,8
56,Networked maximized secured line,Electronics,Electronics_2,249.97,Bailey Group,1.5,4092,1,Too let beat rule true two should current forget fish you main reduce live everything.,0.49534907285439256,4
57,Automated needs-based collaboration,Grocery,Grocery_1,493.51,Thomas-Lewis,4.7,1081,0,All over herself view gun involve list approach test well raise establish player base attorney.,0.9888945181882663,5
58,Open-architected attitude-oriented framework,Health,Health_4,185.88,"Hayes, Barnes and Lewis",3.7,3858,1,Contain approach time investment white father cup walk loss movement six.,0.36546762589928056,6
59,Total intermediate help-desk,Electronics,Electronics_5,38.43,"Hudson, Morrow and Hoffman",2.0,326,1,Cup reveal official certain professional statement same stay run add to value material first society purpose.,0.06665315634816091,4
60,Fundamental multi-state success,Toys,Toys_5,146.81,Mcneil and Sons,3.9,3403,0,Police official already second could recent similar over democratic decide course quickly western have.,0.2862904042962813,9
61,Multi-lateral 3rdgeneration framework,Toys,Toys_1,322.07,Shaw-Parrish,3.2,1250,1,Power lay improve goal my mission share box compare into computer organization myself high.,0.6414631674941736,9
62,Switchable system-worthy software,Clothing,Clothing_3,44.12,Walters-Park,4.7,1272,1,Yet south billion power pattern in market seem.,0.07818421319282601,3
63,Quality-focused bandwidth-monitored productivity,Toys,Toys_5,318.98,Gordon-Shaffer,4.3,541,1,System deep since necessary boy task wear go soldier less traditional.,0.6352011348667546,9
64,Stand-alone tertiary toolset,Toys,Toys_2,33.66,"Foster, Ayers and Casey",1.3,3559,1,Exist they enough stuff somebody increase drop too increase administration check hear stage star.,0.056986523457290494,9
65,Right-sized foreground groupware,Automotive,Automotive_5,306.37,Haley Group,2.2,1438,1,New hot pattern hotel appear use investment vote hospital road.,0.6096463674131117,0
66,Open-architected foreground model,Electronics,Electronics_2,352.24,Kim Inc,1.7,2840,1,Mean place six successful physical employee need we data.,0.702604113891985,4
67,Cross-group 4thgeneration Internet solution,Books,Books_3,67.83,Fuller PLC,4.1,2201,1,Agreement remain turn bad him score candidate law place.,0.1262336609585571,2
68,Multi-channeled contextually-based encoding,Electronics,Electronics_3,404.52,"Hurst, Phillips and Nichols",2.1,523,1,Risk southern her employee appear bar century age world term.,0.8085520316141452,4
69,Customizable logistical policy,Health,Health_1,250.59,Rodriguez LLC,3.0,454,0,Thus behavior management guess stuff hospital make against available where baby.,0.49660553247542816,6
70,Synergized intangible implementation,Health,Health_2,187.01,Schultz-Hayes,2.0,842,1,Conference act condition note parent all wish year low.,0.36775762488600666,6
71,Seamless radical moratorium,Home & Kitchen,Home & Kitchen_5,6.27,Moore Ltd,4.4,100,1,Unit cover ahead age memory charge term boy describe foreign detail.,0.0014793798763805838,7
72,Upgradable system-worthy capacity,Electronics,Electronics_4,185.17,Hill-Gonzalez,4.7,1466,1,Give necessary family seat many mention hundred cover.,0.36402877697841723,4
73,Enhanced dedicated software,Grocery,Grocery_4,116.14,"Campbell, Long and Silva",2.0,2620,1,Find some west maintain third interest section staff performance parent investment note hear plan ask cold.,0.22413618401053806,5
74,Automated multimedia extranet,Clothing,Clothing_5,189.54,"Ortiz, Munoz and Wiley",3.0,431,1,Good air conference follow so group authority prevent head single business five action forget let.,0.3728847907589421,3
75,Inverse discrete open architecture,Home & Kitchen,Home & Kitchen_5,490.8,Cruz PLC,4.8,564,0,Money bill everyone part third teacher avoid throughout instead series.,0.9834025737156754,7
76,Intuitive foreground customer loyalty,Sports,Sports_3,167.01,Williams Group,3.2,65,1,Another ever budget laugh over option door again adult situation office above left capital.,0.32722666936873035,8
77,Open-architected 5thgeneration monitoring,Home & Kitchen,Home & Kitchen_3,284.08,"Williams, Newman and Jones",2.2,1987,0,Stop indeed feeling first generation bag simple management.,0.5644746174891073,7
78,Business-focused hybrid framework,Beauty,Beauty_5,486.07,"Riggs, Snyder and Davidson",5.0,1600,1,Successful visit bill difference stay catch year technology right.,0.9738170027358395,1
79,Face-to-face composite array,Books,Books_1,466.54,Ramsey LLC,1.1,4436,1,Writer various test employee size book water avoid forget partner speech establish color case leave.,0.9342385246732192,2
80,De-engineered foreground circuit,Electronics,Electronics_3,5.72,"Barron, Church and Gutierrez",3.6,2519,1,Property miss drive long majority exactly significant lot begin she represent good structure drug.,0.00036477859965548635,4
81,Stand-alone user-facing database,Home & Kitchen,Home & Kitchen_5,491.64,"Miller, Bonilla and Brown",2.7,490,1,Provide life his maintain future sport seven.,0.9851048738474009,7
82,Profound foreground task-force,Sports,Sports_1,26.73,Erickson-Rios,1.9,4257,0,Black candidate true history laugh per data hundred attention institution rather week officer bill.,0.04294254737055426,8
83,Persistent bi-directional synergy,Beauty,Beauty_4,487.4,Allen Group,1.3,782,1,Environment live most goal brother nearly great deep however.,0.9765123112777383,1
84,Optional multimedia groupware,Toys,Toys_1,297.99,Alexander LLC,1.2,1070,1,Any him up create country computer every parent.,0.592663897051373,9
85,Programmable intermediate benchmark,Sports,Sports_3,426.2,"Williams, Wright and Rodriguez",4.7,3219,1,Apply along entire assume big difficult per respond.,0.8524875873948728,8
86,Object-based hybrid attitude,Beauty,Beauty_4,139.62,Gross Ltd,1.3,1660,1,Manager commercial data PM relationship explain about continue traditional performance school.,0.27171952578782044,1
87,Team-oriented disintermediate concept,Health,Health_1,81.93,Maldonado-Jackson,1.7,3817,1,Tonight center actually listen free concern enough baby quickly table order wide.,0.15480798459823691,6
88,Reduced 24hour matrix,Toys,Toys_1,270.28,Kennedy Inc,4.9,1700,0,Note wrong structure moment cold chair behind.,0.5365082581821866,9
89,Innovative user-facing groupware,Sports,Sports_4,136.18,Henry-Bell,1.5,1291,1,Either main hair add good report through simple tax total other both rate rock again.,0.2647482014388489,8
90,Open-source directional protocol,Health,Health_1,111.44,Howard Inc,4.4,1215,1,Officer receive issue deal become turn help blue event phone.,0.2146114094639781,6
91,Quality-focused local moderator,Home & Kitchen,Home & Kitchen_3,201.14,Baker Ltd,1.2,2448,1,Thousand hospital individual yes finally American mind gas partner item lawyer why.,0.3963927449589624,7
92,Monitored executive budgetary management,Books,Books_1,476.29,Porter Ltd,4.4,4554,1,Letter change whom perhaps professor field explain son administration.,0.9539973654878914,2
93,Balanced didactic forecast,Clothing,Clothing_4,55.44,"Martinez, Freeman and Smith",4.2,994,1,Produce a edge go exist teacher program shoulder choice beat establish you.,0.10112473401560441,3
94,Exclusive intermediate paradigm,Electronics,Electronics_2,69.7,Carter Inc,4.3,3049,1,Usually eat question hit human tough throw turn others community job then source cause.,0.13002330529942244,4
95,Visionary dedicated extranet,Health,Health_5,133.12,Butler and Sons,4.3,178,1,Figure father until leave contain site street benefit money reason mean.,0.25854696524470566,6
96,Synergized transitional help-desk,Home & Kitchen,Home & Kitchen_4,405.6,Gomez-Owens,1.4,2716,1,Leave tree ago short because cell trade skill oil health per tonight there.,0.8107407032120783,7
97,Business-focused web-enabled infrastructure,Electronics,Electronics_4,30.07,Powell Inc,4.7,3548,0,Space themselves least approach area stop practice four best fact loss former article science.,0.049711216941939404,4
98,Synergistic multimedia support,Automotive,Automotive_1,194.45,"Brown, Harris and Thomas",2.7,2899,1,Carry time policy choice pick rest view south perhaps customer attack check they mind.,0.38283514033843347,0
99,Fully-configurable demand-driven benchmark,Books,Books_3,143.53,Johnson-Wagner,4.5,283,1,Argue business identify work star success national start race teacher pay it player.,0.27964332759144794,2
100,Enterprise-wide client-server synergy,Sports,Sports_4,208.94,"Allen, Hunt and Lyons",3.2,499,1,Live face property where manage property hospital recently blue indicate.,0.4121998176107002,8
101,Optimized client-server algorithm,Sports,Sports_4,72.93,Bryant-Elliott,1.8,4307,1,Oil alone practice price know traditional great.,0.13656905461546257,8
102,Devolved maximized success,Grocery,Grocery_1,494.75,Hill-Holden,4.1,2941,0,May technology decision total modern message company charge pretty none least teach.,0.9914074374303373,5
103,Devolved even-keeled toolset,Grocery,Grocery_4,175.3,"Turner, Long and Hendricks",3.3,2634,0,Heavy line probably office until simple moment can food western give pay identify and.,0.3440267504306414,5
104,Upgradable cohesive emulation,Sports,Sports_2,17.9,Ortega Group,3.4,240,1,Food discuss sign true somebody black thing rock himself wind two artist economy also.,0.02504813050967676,8
105,User-friendly asynchronous intranet,Electronics,Electronics_4,267.07,Obrien-Pittman,4.1,1906,1,Fly recognize help writer off current education join experience.,0.5300030398216637,4
106,Exclusive user-facing complexity,Clothing,Clothing_2,330.15,Cervantes-Stokes,2.1,458,1,Beat agency where benefit almost cell accept similar nothing ten.,0.6578376735231533,3
107,Mandatory contextually-based software,Health,Health_4,180.63,"Rosario, Chandler and Rice",4.4,1423,1,Strategy now list goal peace next case attack into heavy.,0.35482825007599555,6
108,Compatible non-volatile artificial intelligence,Home & Kitchen,Home & Kitchen_5,162.41,Patton LLC,4.0,2939,1,Brother discover own former difference wait two edge.,0.3179045495997568,7
109,Triple-buffered heuristic architecture,Beauty,Beauty_5,283.99,Donaldson Inc,3.3,1542,0,Offer table use matter human arm recently book likely true enjoy air full end free.,0.5642922281892796,1
110,Virtual analyzing challenge,Grocery,Grocery_3,91.9,Payne Ltd,1.2,460,1,Under professional there dog authority way toward reflect she along wonder wear.,0.17501266592359915,5
111,Right-sized user-facing pricing structure,Health,Health_2,14.86,Clay Group,2.9,2717,1,Establish among along medical practice it field sure will.,0.018887425271050765,6
112,Ameliorated analyzing algorithm,Books,Books_3,359.88,Ferguson Group,4.7,2650,1,Need appear she receive involve interview case.,0.7180869388995845,2
113,Organic bottom-line pricing structure,Electronics,Electronics_2,295.37,Bell-Cooper,4.7,908,1,Draw begin act including sell space movie animal.,0.5873543418786098,4
114,Advanced uniform encryption,Clothing,Clothing_3,353.75,Jones and Sons,3.6,4800,1,Congress analysis glass pretty each factor paper long business baby economic myself manager.,0.7056642010335393,3
115,User-centric heuristic definition,Beauty,Beauty_3,164.69,Marquez-Pugh,4.9,3578,0,Fall president money environment recently me approach too relationship perform evidence data case wish discover.,0.3225250785287263,1
116,User-centric neutral database,Beauty,Beauty_2,355.06,Watson and Sons,3.2,2923,1,Within recognize practice law box material almost.,0.708318978619921,1
117,Grass-roots optimizing info-mediaries,Health,Health_2,192.3,Wilcox-Miller,3.9,2412,1,Take himself affect him know difference here process mouth produce all.,0.3784780626203263,6
118,Virtual grid-enabled algorithm,Books,Books_1,474.65,"Webster, Rogers and Clayton",4.8,3207,1,Special opportunity serious game stop its into role save arm body.,0.9506738271354747,2
119,Networked uniform service-desk,Books,Books_5,162.52,Garrison-Hurley,4.2,1809,1,Interest rest shoulder employee whether level yeah draw traditional exactly radio ever your side.,0.3181274698551019,2
120,Implemented global orchestration,Automotive,Automotive_2,168.93,Johnson-Hill,1.3,2841,1,Process site special part buy nothing fly enough condition leg key.,0.3311176410983889,0
121,Persistent 5thgeneration help-desk,Books,Books_1,411.72,Little-Hawkins,3.7,2750,0,Around voice everybody particular finish ask conference she everybody than camera piece chair.,0.8231431756003649,2
122,Secured solution-oriented application,Electronics,Electronics_3,108.79,Wilson Inc,3.8,2871,1,Range team oil among response article research else either.,0.209241057857939,4
123,Synergistic heuristic moratorium,Clothing,Clothing_1,28.83,"Williams, Young and Rodriguez",2.8,3437,1,Kitchen memory down for he state indeed politics then central force small friend impact.,0.04719829769986827,3
124,Streamlined holistic leverage,Toys,Toys_4,441.48,Howell-Martin,2.4,3074,1,Fact change option blood deep finish respond.,0.883453237410072,9
125,User-centric multimedia toolset,Automotive,Automotive_5,327.23,"Marquez, Case and Gray",3.7,1332,0,Allow risk high young bad back very different me off nature individual run summer month anything.,0.651920154017631,0
126,Phased stable moderator,Clothing,Clothing_1,150.98,"Alexander, Adams and Huff",2.3,857,1,Treat forget sometimes within discuss fire win realize knowledge whatever improve.,0.2947411085216334,3
127,Configurable heuristic open architecture,Beauty,Beauty_2,444.53,"Jones, Cox and Washington",1.6,614,1,Large industry notice step by Mrs simply imagine once catch.,0.8896342081264565,1
128,Fundamental executive Graphical User Interface,Beauty,Beauty_5,492.71,Wilson-Ortiz,4.6,253,0,Work office plan significant tonight then administration building enjoy never us sea call alone.,0.9872732799675752,1
129,Optional 4thgeneration solution,Books,Books_5,445.43,Fritz and Sons,1.6,829,1,Term truth toward great I news Republican budget today together option pattern yes and school.,0.891458101124734,2
130,Multi-channeled local installation,Home & Kitchen,Home & Kitchen_2,207.59,"Cole, Davenport and Roberts",3.2,4424,1,Record safe rich operation star meeting charge account or purpose law fly computer reveal.,0.409463978113284,7
131,Grass-roots zero administration attitude,Sports,Sports_3,122.59,Evans LLC,1.2,4683,0,Nor today oil such interview follow five.,0.23720741716485966,8
132,Enhanced client-server analyzer,Books,Books_1,183.61,"Khan, Simon and Jordan",2.7,2412,0,Offer past between expect budget event keep those eye truth writer.,0.3608673624480697,2
133,Versatile bi-directional emulation,Home & Kitchen,Home & Kitchen_1,17.74,"Ramirez, Davis and Arnold",1.7,2390,1,Senior agree total whether music sometimes according strategy ago data walk number rule minute store.,0.024723882865538553,7
134,Implemented bifurcated structure,Automotive,Automotive_1,157.63,"Calhoun, Wilson and Oneal",2.6,4006,1,Enjoy ten year rule bring government bad soldier road force medical everybody piece mention.,0.30821765123112776,0
135,Vision-oriented asynchronous strategy,Clothing,Clothing_5,196.83,"Edwards, Middleton and Hamilton",2.5,3124,1,Fish success produce there along play account carry heavy wall pull enter charge sport safe.,0.3876583240449894,3
136,Horizontal clear-thinking customer loyalty,Books,Books_4,27.09,"Liu, Tapia and Vincent",2.8,2157,1,About attack newspaper decade concern industry enjoy herself on point.,0.043672104569865235,2
137,Polarized multi-tasking protocol,Sports,Sports_5,35.51,Humphrey and Sons,4.0,792,1,Property make picture our myself far despite while to shake information.,0.060735636842638566,8
138,Organized fresh-thinking encryption,Beauty,Beauty_5,209.92,"Coleman, Thompson and Huber",4.0,1863,1,Girl huge campaign think style tell over reach.,0.4141858344310467,1
139,Assimilated explicit flexibility,Toys,Toys_5,212.22,"Lewis, Rosales and Ortiz",3.1,3889,1,Sign energy fish hot kind human treatment environmental rock fund stand final important occur coach.,0.41884689431553346,9
140,Expanded zero-defect product,Automotive,Automotive_3,44.08,Gould PLC,4.6,284,1,Form painting after reveal sort bed relate treatment short need pressure million gun cup church movie.,0.07810315128179146,0
141,Universal discrete frame,Clothing,Clothing_4,90.58,Lozano LLC,4.9,1735,1,Democratic safe vote already after wait bill huge machine church feeling discover significant.,0.17233762285945892,3
142,Fully-configurable 5thgeneration flexibility,Books,Books_1,214.57,"Martinez, Bowers and Rios",5.0,3566,1,Stand theory technology baby mean region run after sea.,0.42360928158881345,2
143,Quality-focused real-time collaboration,Books,Books_5,132.65,Fitzgerald Group,4.6,548,1,Story teacher size interesting sea few learn between wide office.,0.2575944877900497,2
144,Multi-tiered explicit interface,Toys,Toys_5,201.69,Walker Group,2.3,2262,0,Everything expect reflect media him year road week several research laugh official agent side language.,0.3975073462356875,9
145,Polarized non-volatile benchmark,Electronics,Electronics_5,295.85,"Collins, Thomas and Soto",4.1,921,0,Believe college ten majority economic center pattern list.,0.5883270848110245,4
146,Up-sized non-volatile task-force,Books,Books_2,285.46,Brown Group,3.3,820,1,In scientist strong already ready out the environmental decide none major.,0.5672712534197993,2
147,Proactive foreground projection,Health,Health_1,393.94,Morris Ltd,4.5,2816,0,Method teach yeah bank bit recognize heart series class security coach join will although.,0.7871111561455061,6
148,Optimized modular concept,Sports,Sports_4,329.12,"Pratt, Freeman and Curry",3.3,3875,1,Industry across brother yet result they even follow threat nor coach face rate sort weight.,0.6557503293140136,8
149,Multi-layered multi-state portal,Books,Books_3,204.47,Kennedy-Clark,3.5,3290,1,Until result system career modern stop act indicate change attack with find.,0.4031411490525889,2
150,Ergonomic dedicated solution,Toys,Toys_3,346.8,Medina LLC,1.2,3892,1,Article light choose go next difficult pick until.,0.6915796939912858,9
151,Grass-roots executive interface,Beauty,Beauty_1,172.24,"Daniel, Richardson and Wang",4.2,2547,1,Night political dark or bill describe condition nor camera mission population.,0.33782551423649815,1
152,Networked full-range orchestration,Automotive,Automotive_1,486.39,"Jacobs, Levy and Mclaughlin",1.9,2461,0,Protect list collection situation writer before sound chair close themselves follow time appear memory keep professor.,0.9744654980241159,0
153,Inverse exuding middleware,Beauty,Beauty_3,365.76,Allen Group,3.4,731,1,Similar relationship great stuff first back painting degree coach plant everyone central.,0.7300030398216638,1
154,Optional next generation intranet,Automotive,Automotive_2,457.15,Neal-King,2.6,3968,1,Newspaper itself give agent hand letter prove rock degree.,0.9152092410578578,0
155,Realigned content-based implementation,Electronics,Electronics_5,396.79,White-Adkins,1.3,4151,0,Cultural guess crime only foreign treat trouble.,0.7928868173067181,4
156,Profit-focused 24/7 portal,Books,Books_5,440.27,Johnson-Hill,1.1,1579,1,Huge yet region ever arm occur air responsibility likely parent lawyer community seek positive.,0.8810011146012767,2
157,Quality-focused bi-directional alliance,Electronics,Electronics_2,21.37,Johnson-Shannon,1.2,2952,1,Relationship computer surface bar street budget kitchen report fire.,0.032080251291924204,4
158,Quality-focused even-keeled core,Sports,Sports_3,412.64,"Mendez, Smith and Hood",3.0,1014,1,Today college worry reveal hand add professor indicate property article cover seven.,0.8250075995541595,8
159,Digitized upward-trending flexibility,Home & Kitchen,Home & Kitchen_3,246.95,Thompson Inc,2.8,3887,1,Part read important play success wait find night brother letter structure.,0.4892288985712838,7
160,Cross-group non-volatile Local Area Network,Beauty,Beauty_2,419.64,Wilson Inc,2.0,740,1,Role control option whole short small design hear ball.,0.8391934339852062,1
161,Up-sized dynamic function,Electronics,Electronics_4,29.58,"May, Valenzuela and Lee",4.4,1755,1,Financial here expert everything north including structure evening current.,0.04871820853176613,4
162,Implemented empowering standardization,Home & Kitchen,Home & Kitchen_2,138.2,Baker-Burns,2.6,164,1,Hair sign mission stop reach color wear one choose notice year its position radio eye garden.,0.2688418279460938,7
163,Profit-focused neutral synergy,Automotive,Automotive_2,325.45,Davis-Ayala,3.4,69,1,Design end two military piece little level follow nor probably top.,0.6483128989765934,0
164,Inverse tangible benchmark,Sports,Sports_5,403.52,"Howard, Santana and Moore",2.2,2255,0,Friend possible beyond tree fill level control against speak lead office itself human street.,0.8065254838382815,8
165,Function-based uniform hub,Toys,Toys_3,232.2,"Morgan, Gregory and Evans",1.9,2475,0,Shake too medical inside similar west husband agreement mention two.,0.4593373188772925,9
166,Right-sized tangible moderator,Health,Health_1,8.64,Lynn PLC,5.0,3065,1,Candidate four whether wife finally she soon learn close.,0.006282298105177832,6
167,Adaptive stable circuit,Sports,Sports_1,243.46,Andrade LLC,2.3,2264,1,Ball door data bed each range suffer hear local general likely.,0.4821562468335191,8
168,Synergized hybrid standardization,Sports,Sports_3,329.78,Durham Ltd,4.8,2447,1,Story relationship several benefit campaign several card significant today star room interesting.,0.6570878508460837,8
169,Object-based national archive,Books,Books_5,383.91,Freeman-Yang,4.6,4915,0,Agree those concern dog gun may ability out huge back discover matter analysis few behavior himself.,0.7667848819535921,2
170,Enterprise-wide interactive collaboration,Beauty,Beauty_2,362.04,Collins-Leonard,3.6,2421,1,Alone when instead clear radio strong let bar rather big television sound activity five.,0.7224642820954504,1
171,Re-engineered motivating info-mediaries,Toys,Toys_4,197.2,"Gibson, Tucker and Choi",1.1,4686,1,Institution approach interesting score break southern traditional maybe sit Republican such will born.,0.3884081467220589,9
172,Enhanced interactive monitoring,Beauty,Beauty_2,344.73,Berg-Miller,3.6,3897,1,Front various opportunity culture spend road lawyer.,0.6873847400952477,1
173,Business-focused maximized forecast,Grocery,Grocery_3,423.48,Martinez Group,4.4,4573,1,Happen threat rather education front fast standard myself condition ground adult foot player other.,0.8469753774445233,5
174,Multi-channeled upward-trending alliance,Sports,Sports_1,238.04,"Rodgers, Wright and Miller",4.0,4579,1,Call certain management throughout generation leader pay try.,0.4711723578883372,8
175,Upgradable multi-tasking open system,Beauty,Beauty_1,115.02,Williams-Nguyen,1.9,2515,0,Chair with point think high woman bad.,0.22186645050157056,1
176,Sharable value-added framework,Beauty,Beauty_3,133.98,Morales-White,2.2,964,0,Return sea bad treatment whole soldier number yet past much soldier.,0.2602897963319485,1
177,Team-oriented actuating hub,Electronics,Electronics_5,292.25,"Kennedy, Hodges and Kim",3.5,3868,1,Everybody provide painting travel question evening imagine affect increase.,0.5810315128179147,4
178,De-engineered even-keeled flexibility,Grocery,Grocery_1,434.41,George-Daugherty,2.5,2444,0,Best different remember determine particularly rock participant leave inside organization must little.,0.8691255446347148,5
179,Realigned 24/7 Graphical User Interface,Electronics,Electronics_2,73.0,Flores-Carson,1.8,3352,0,Left sea decision recently pull eight allow system whose.,0.13671091295977303,4
180,Self-enabling mobile open architecture,Books,Books_3,431.89,Miller-Adkins,1.7,662,0,Hard factor firm purpose ahead person coach goal it yet age wind news make doctor.,0.8640186442395379,2
181,Public-key clear-thinking implementation,Beauty,Beauty_2,160.14,"Rush, Martinez and Foster",1.2,3703,1,Yeah number condition city since same husband impact seem industry.,0.31330428614854594,1
182,Right-sized even-keeled functionalities,Home & Kitchen,Home & Kitchen_2,290.26,Mccoy-Beck,1.6,721,1,Maybe mouth different identify series experience under church them hundred about stop.,0.5769986827439456,7
183,Virtual maximized projection,Health,Health_4,318.58,Vega Inc,2.6,3910,0,Oil individual industry country ahead difference particular me ball number impact age particular.,0.6343905157564089,6
184,Down-sized non-volatile product,Electronics,Electronics_1,269.22,Cohen-Crane,3.9,115,1,Sea third pressure need tell sure claim.,0.5343601175397711,4
185,Multi-layered uniform encoding,Grocery,Grocery_2,13.87,Kennedy Ltd,1.0,2038,1,Follow fall thus debate leave each owner wrong someone win.,0.016881142972945587,5
186,Profit-focused secondary budgetary management,Beauty,Beauty_3,68.82,"Massey, Wiggins and Stout",2.5,4822,1,Left while according allow quality term yet television audience indicate.,0.12823994325666227,1
187,Fundamental transitional monitoring,Books,Books_1,412.8,Baldwin PLC,2.2,2382,0,Resource just still art speech stock rise always human until picture key skin billion suggest.,0.8253318471982977,2
188,Virtual optimal system engine,Grocery,Grocery_5,264.44,Bowen LLC,2.7,1096,1,Prevent center during lot enough form really leader remember sell serious garden ready.,0.524673219171142,5
189,Managed zero tolerance knowledge user,Automotive,Automotive_3,376.31,"Scott, Hill and Johnson",1.7,3304,1,Challenge eye determine he guy fact war citizen plant.,0.751383118857027,0
190,Phased transitional intranet,Home & Kitchen,Home & Kitchen_2,364.95,"Phillips, Manning and Neal",1.5,179,1,Parent teacher either direction surface on chance activity hair.,0.7283615361232141,7
191,Profound value-added model,Clothing,Clothing_3,357.0,Woods-Yoder,4.2,3073,1,Popular onto may model her unit possible that lot low here protect.,0.7122504813050967,3
192,Cloned global definition,Grocery,Grocery_5,29.05,Clark-Hernandez,5.0,885,1,Sing smile practice ground least tree trade style suffer situation model direction dark professional huge better.,0.047644138210558316,5
193,Managed motivating architecture,Electronics,Electronics_1,211.3,Tran-Nichols,2.5,4483,1,Their wife argue note easy eight school ready practice each ready lay American participant necessary.,0.4169824703617388,4
194,Cross-group value-added core,Automotive,Automotive_2,106.72,"Rivas, Brown and Leach",3.7,76,1,Few debate during seven local better think anything so authority long kind live between operation.,0.2050461039619009,0
195,Right-sized mobile framework,Toys,Toys_1,332.93,"Smith, Jordan and Stein",2.1,4961,1,Since crime south pass lead a senior over manage computer medical method week.,0.6634714763400548,9
196,Innovative empowering monitoring,Toys,Toys_1,258.23,Peterson Ltd,3.5,2315,1,Me personal born series consider according throw meeting many condition set pull behind television garden.,0.5120883574830277,9
197,Synergized national contingency,Clothing,Clothing_4,103.33,Maxwell and Sons,1.8,2154,1,Film figure short line range until decision public food court.,0.19817610700172256,3
198,Object-based zero tolerance concept,Beauty,Beauty_4,151.2,Bishop and Sons,1.2,4066,1,What wonder president small sister especially usually line task field certain free.,0.2951869490323234,1
199,Multi-channeled value-added functionalities,Automotive,Automotive_3,121.08,Parker-Elliott,1.1,729,1,Accept vote area impact position cause lead ever stand dark product eight strategy.,0.2341473300233053,0
200,Assimilated fresh-thinking interface,Health,Health_4,78.83,Nguyen-Castro,1.4,4191,1,Something pay key ever avoid civil reveal walk or weight.,0.14852568649305906,6
201,Balanced zero-defect protocol,Clothing,Clothing_3,323.95,Watts-Stout,2.8,2425,1,Economic would only arrive argue garden Mrs just exist line thing available with run.,0.6452730773127976,3
202,Distributed coherent parallelism,Automotive,Automotive_1,54.41,Andrews-Hoffman,1.7,323,1,Early of several end most fact against sign attention skill represent finish table.,0.09903738980646468,0
203,Visionary local synergy,Beauty,Beauty_3,215.87,Lopez Group,1.5,375,1,Leave four question region effort section age budget improve how.,0.4262437936974364,1
204,Pre-emptive actuating moderator,Books,Books_2,167.69,Durham PLC,4.6,2197,1,Administration join allow mean sometimes so man offer plant same north wind.,0.3286047218563177,2
205,Vision-oriented bifurcated monitoring,Beauty,Beauty_3,95.52,Lindsey Inc,2.6,3739,1,Two particular year sell short issue everybody later thing school practice authority possible fund month.,0.18234876887222615,1
206,Team-oriented user-facing Internet solution,Toys,Toys_4,400.95,Morales LLC,3.6,1366,1,Perhaps hope across follow character talk once.,0.8013172560543115,9
207,Visionary fresh-thinking monitoring,Books,Books_1,490.88,Valdez-Gonzalez,4.4,849,0,Understand throw resource officer country challenge final beyond mouth war always camera give attorney that.,0.9835646975377444,2
208,Focused stable database,Health,Health_4,402.12,Turner Group,3.7,1484,0,Do turn sign agree there want but way agent test take.,0.8036883169520721,6
209,Expanded homogeneous application,Beauty,Beauty_5,19.26,Gonzales-Gonzalez,3.7,1070,0,Opportunity by wide medical official might clear decide wait scientist group yet.,0.02780423548485156,1
210,Operative content-based database,Automotive,Automotive_1,444.36,Marsh LLC,2.8,518,1,Effort born lead account sound hundred tax great watch student its summer feel yourself.,0.8892896950045598,0
211,Configurable solution-oriented project,Beauty,Beauty_1,353.76,Liu-Smith,3.7,4723,1,Role today animal suggest concern act million cell like although other.,0.705684466511298,1
212,Expanded user-facing protocol,Beauty,Beauty_5,263.94,Watson-Perry,3.8,780,0,Information company million character speak protect half understand skill.,0.52365994528321,1
213,Assimilated modular database,Home & Kitchen,Home & Kitchen_4,176.15,Powell-Brooks,3.7,3152,1,Perform agreement ago agreement like same certain imagine much several reveal.,0.34574931604012565,7
214,Down-sized cohesive attitude,Grocery,Grocery_5,32.01,Bailey and Sons,3.6,1285,0,Information at why less indeed together key tax.,0.0536427196271152,5
215,Sharable 24hour function,Automotive,Automotive_2,42.06,Harrison-Leach,3.0,1973,1,Follow music whatever protect benefit manage store number call.,0.07400952477454656,0
216,Profound clear-thinking workforce,Sports,Sports_1,255.93,Perez Inc,3.2,3101,0,Response executive past economic economy role feeling report.,0.5074272975985409,8
217,Persistent static parallelism,Home & Kitchen,Home & Kitchen_1,232.25,"Black, Huerta and Adams",4.2,3670,1,Foreign hear certainly say surface security son place some.,0.4594386462660857,7
218,Enterprise-wide 24/7 circuit,Automotive,Automotive_4,161.45,"Johnson, Norton and Martin",4.9,145,1,Activity lose tax could thank wife if yeah law enjoy key seat.,0.31595906373492755,0
219,Streamlined zero administration migration,Toys,Toys_4,22.74,Rogers-Stafford,3.2,744,1,Game the sign lead benefit task shake enjoy site interview agent.,0.03485662174485763,9
220,Quality-focused clear-thinking attitude,Grocery,Grocery_5,107.39,Hester Inc,3.7,2792,1,Nearly fast their film job worker bar term measure.,0.20640389097172965,5
221,Object-based multimedia core,Electronics,Electronics_2,422.94,Larsen and Sons,2.3,4914,0,Cup seat moment sister none most another.,0.8458810416455568,4
222,Public-key high-level moratorium,Beauty,Beauty_4,61.44,Steele PLC,4.0,1816,1,Hear beyond close plant peace successful seem charge walk.,0.1132840206707873,1
223,Seamless interactive customer loyalty,Beauty,Beauty_3,415.79,Williams-Costa,4.9,2391,1,Fast too will throw life carry visit a edge new find type party.,0.8313912250481306,1
224,Cloned analyzing system engine,Clothing,Clothing_1,448.95,Taylor-Castillo,3.0,3352,1,Share southern week drug skill position hospital cover strong.,0.8985915492957746,3
225,Compatible directional focus group,Sports,Sports_5,101.98,Stafford Inc,1.5,3218,1,Want charge kitchen public set action bring find bill pick likely produce federal by sea lawyer.,0.19544026750430643,8
226,Compatible web-enabled success,Automotive,Automotive_2,359.81,Hutchinson-Herring,1.4,3395,1,High through both letter one then reality.,0.7179450805552741,0
227,Pre-emptive well-modulated frame,Health,Health_1,387.21,Mills Inc,2.8,4827,1,Where ten drop sure manager reduce it arm black show success run toward policy forget project.,0.7734724896139425,6
228,Function-based heuristic artificial intelligence,Automotive,Automotive_1,267.53,Garcia Group,1.2,3545,0,One determine its entire young step maintain parent not parent.,0.530935251798561,0
229,Synchronized homogeneous analyzer,Grocery,Grocery_2,347.45,"Rodriguez, Massey and Day",1.7,1051,1,Offer brother shake guess pull tough instead hour.,0.6928969500455973,5
230,User-friendly 6thgeneration hardware,Toys,Toys_5,305.05,"French, Phelps and Berry",2.3,3151,0,Also human source season it traditional democratic Congress piece forget factor include agreement lead through.,0.6069713243489715,9
231,Multi-channeled systemic hardware,Health,Health_2,140.43,Beltran-Wright,4.9,2409,0,Situation foot recognize play shoulder civil next tell possible scientist send sit common matter.,0.27336102948627017,6
232,Cross-group full-range help-desk,Books,Books_2,209.31,"Medina, Trujillo and Church",3.8,4196,1,Stock big reveal police fine market control him enter religious go south.,0.41294964028776976,2
233,Multi-lateral web-enabled complexity,Grocery,Grocery_3,357.38,Morris Inc,4.7,1780,1,Ok training record night series Mrs huge receive cup bed.,0.713020569459925,5
234,Right-sized stable initiative,Home & Kitchen,Home & Kitchen_5,358.62,Thomas-Peterson,3.7,1086,1,However TV billion what sport thought family now bank yourself kind American.,0.7155334887019962,7
235,Reactive coherent secured line,Grocery,Grocery_5,348.68,Johnson-Walker,2.3,945,1,Early difficult possible democratic actually during again partner study increase.,0.6953896038099098,5
236,Reactive non-volatile core,Grocery,Grocery_4,293.49,Lopez-Stone,4.8,3419,1,Physical thousand without section religious word sound enjoy have tonight view floor ground.,0.5835444320599859,5
237,Team-oriented client-driven Graphic Interface,Toys,Toys_1,263.75,"Wright, Medina and Anderson",1.1,1190,1,Remain movement bit step direction give reduce with start difference especially student least just.,0.5232749012057959,9
238,Reverse-engineered intermediate architecture,Electronics,Electronics_2,137.15,Johnson Group,4.1,2347,1,Practice time live relationship as great western everybody edge to agree our issue share card.,0.26671395278143684,4
239,Object-based didactic protocol,Books,Books_1,346.84,Collins-Terry,2.2,4433,1,Form now then watch certain much race fire according participant Republican.,0.6916607559023203,2
240,Multi-channeled optimizing capability,Beauty,Beauty_4,55.73,Austin PLC,4.5,4602,1,Room run eat own serve conference Congress power manager build become watch off.,0.10171243287060491,1
241,Synergized human-resource workforce,Grocery,Grocery_4,122.61,James-Wells,4.1,2356,1,Consumer find concern involve edge before employee customer goal positive bank later.,0.23724794812037694,5
242,Cross-platform multi-tasking extranet,Toys,Toys_4,211.2,Suarez Inc,4.2,2561,1,Arrive health collection white more above his agree toward nor teacher western country per consider.,0.4167798155841524,9
243,Extended grid-enabled attitude,Electronics,Electronics_3,105.53,"Gaines, Greene and Berry",4.5,3629,1,Relationship they concern chance standard air although Mr when wait southern find fact.,0.20263451210862296,4
244,Monitored systemic contingency,Beauty,Beauty_5,275.57,"Stone, Mccullough and Jimenez",3.4,1585,1,Choice party front lawyer probably story six want protect assume east center whether make some among.,0.5472286959165062,1
245,Centralized mission-critical workforce,Automotive,Automotive_2,491.81,"Zimmerman, Combs and Garcia",1.3,1423,1,Before pressure treatment none reduce miss series poor executive career shake fall phone identify help.,0.9854493869692978,0
246,Pre-emptive 4thgeneration matrix,Toys,Toys_1,217.11,Morris Group,3.2,1065,1,Home marriage skill expert range area story could become throughout security number community finish answer agreement.,0.42875671293950757,9
247,Innovative human-resource core,Health,Health_3,7.79,Brandt-Williams,2.9,1268,1,School model condition he recognize treat better wear throughout Republican authority data deal.,0.0045597324956935855,6
248,Sharable reciprocal access,Books,Books_3,300.46,Weeks and Sons,4.1,2467,0,Under above drive sport story worker would step.,0.5976694700577566,2
249,Multi-layered impactful analyzer,Health,Health_5,182.25,Thomas and Sons,4.1,2603,1,Protect think institution now tell phone daughter these say evening real indeed including everything too stage.,0.3581112574728949,6
250,Pre-emptive eco-centric policy,Books,Books_5,38.75,Sims Group,3.0,3407,0,Receive last production development point boy total.,0.06730165163643732,2
251,Pre-emptive asymmetric contingency,Clothing,Clothing_3,114.49,"Murphy, Harding and Scott",1.9,2718,1,Expect expert talk end set house those dark beat suffer customer million along.,0.22079238018036274,3
252,Polarized bi-directional budgetary management,Beauty,Beauty_3,113.13,Johnson Group,4.0,4345,0,Base really attack job he scene kind shoulder production.,0.21803627520518795,1
253,Profit-focused zero administration core,Grocery,Grocery_1,61.79,Hardy Inc,2.4,1968,1,Add check teacher economy compare left top argue herself water measure different physical from return.,0.11399331239233965,5
254,Assimilated leadingedge architecture,Electronics,Electronics_3,193.78,Guzman LLC,4.2,928,0,Claim natural fish born assume million admit result right focus although top range accept about.,0.3814773533286047,4
255,Centralized human-resource throughput,Sports,Sports_5,363.37,"Wilson, Walker and Fuller",1.1,4234,1,Nation after station live number history rate hit travel down make economic woman PM look.,0.7251595906373492,8
256,Distributed logistical monitoring,Grocery,Grocery_5,225.55,Walker-Mitchell,1.2,1577,1,White home either civil science it feel amount improve.,0.4458607761677982,5
257,Quality-focused discrete initiative,Grocery,Grocery_1,474.36,Larsen LLC,1.7,4407,1,Walk inside individual safe know home hair for human rich.,0.9500861282804742,5
258,Expanded dynamic data-warehouse,Clothing,Clothing_2,336.82,"Lee, Lee and Russo",4.1,3475,1,Guy leg television society hear fill hotel like myself laugh toward what thank include current front.,0.6713547471881649,3
259,Diverse stable info-mediaries,Home & Kitchen,Home & Kitchen_5,415.23,"Reynolds, Hahn and Johnson",4.5,3565,1,History project event second nor choose I site cup in.,0.8302563582936467,7
260,Persistent dynamic support,Books,Books_1,232.32,Farmer Group,2.3,716,1,Particular shake most physical along best assume again turn thank former bed.,0.4595805046103962,2
261,Multi-channeled dedicated synergy,Electronics,Electronics_2,398.14,Rubio LLC,3.2,4710,1,Guy training on stock little region face big.,0.7956226568041341,4
262,Realigned cohesive collaboration,Sports,Sports_4,197.08,Perry PLC,3.5,3547,1,Important no pick record example summer economic box war training best always they list local short.,0.3881649609889553,8
263,Reverse-engineered system-worthy hierarchy,Electronics,Electronics_4,338.28,Richards-White,3.1,518,1,Wife water note those write though attention.,0.6743135069409261,4
264,Devolved regional framework,Clothing,Clothing_3,464.38,"Long, Hernandez and Haney",1.4,2468,1,Which fly represent we bar owner son administration through individual.,0.9298611814773533,3
265,Down-sized high-level extranet,Sports,Sports_4,193.8,Palmer PLC,4.3,252,0,Majority town appear draw fill large item.,0.38151788428412203,8
266,Balanced encompassing synergy,Books,Books_5,113.83,"Ellis, Miller and Arnold",4.0,4470,1,The unit action off few current like home receive.,0.21945485864829262,2
267,Future-proofed tangible implementation,Books,Books_3,340.26,Richardson-Hunt,4.7,3056,1,Imagine garden wall rest need major entire tree try be program five meeting.,0.6783260715371364,2
268,Customizable 3rdgeneration workforce,Grocery,Grocery_5,74.98,Drake Inc,1.2,4691,0,Avoid health child soon single tell act add southern thank.,0.14072347755598338,5
269,Secured asynchronous collaboration,Grocery,Grocery_5,473.75,"Sims, Savage and Murray",2.2,2816,1,Skill black business region current second ball begin week about social do.,0.9488499341371973,5
270,Business-focused transitional artificial intelligence,Toys,Toys_5,75.52,Flores-Moreno,1.7,2070,1,Stage remain manager relationship light rule option team kind medical bag wind enjoy there.,0.14181781335494983,9
271,Re-engineered content-based standardization,Clothing,Clothing_2,337.13,Warner Inc,3.3,445,0,Cost focus yeah class play or own media experience interview.,0.6719829769986827,3
272,Monitored user-facing encoding,Grocery,Grocery_1,148.87,"Smith, Zamora and Sutton",1.3,804,1,Senior ask artist general run people stage bag share respond activity.,0.2904650927145607,5
273,User-friendly systematic array,Health,Health_4,476.01,Chapman-Hendricks,2.4,1921,1,Recently painting where notice road five group specific have feel major national.,0.9534299321106495,6
274,User-friendly content-based emulation,Sports,Sports_5,39.56,"Jackson, Vazquez and Ortiz",1.8,3980,0,Food someone war idea than less check scene history wear them small high that.,0.06894315533488703,8
275,Distributed impactful hierarchy,Beauty,Beauty_5,331.41,Hamilton Ltd,3.8,1248,1,Character watch describe administration line even cup market citizen.,0.6603911237207417,1
276,Reactive even-keeled emulation,Beauty,Beauty_4,88.48,Tucker Ltd,2.3,1814,0,Item water civil why art which at follow live eye dog wall sound indicate.,0.1680818725301449,1
277,Advanced fault-tolerant product,Sports,Sports_3,71.48,Morgan LLC,3.9,3931,0,Investment business can example right southern ten hard wife as language indicate decide for do the.,0.13363056034046003,8
278,Intuitive scalable leverage,Automotive,Automotive_3,388.51,Peters-Ray,2.9,891,1,Recognize top whole sit occur treat remain participant spend eat none three.,0.7761070017225656,0
279,Intuitive multimedia attitude,Health,Health_1,421.69,Christensen-Hanson,4.4,1146,1,More leg too water road at hope cover.,0.843347856925727,6
280,Visionary even-keeled structure,Sports,Sports_1,365.08,Cox Inc,4.6,4154,1,East plan force station lot certainly evening floor world painting movie station position whatever.,0.7286249873340763,8
281,Right-sized real-time capability,Health,Health_5,205.54,Quinn-Moss,3.4,300,1,Model mean eat heavy red system fear daughter fast agreement.,0.4053095551727632,6
282,Stand-alone well-modulated instruction set,Grocery,Grocery_5,238.69,Richardson and Sons,4.1,2996,0,Personal new order serve blue event every relationship law clear campaign what buy test.,0.4724896139426487,5
283,Reactive mission-critical hub,Home & Kitchen,Home & Kitchen_5,367.95,Stewart Ltd,2.2,3806,1,Nearly pick position how force structure alone executive not notice third argue.,0.7344411794508056,7
284,Universal transitional capacity,Toys,Toys_3,253.57,Brown-Jones,3.7,1358,1,Bill clear research begin growth ground ball gas attorney.,0.5026446448475023,9
285,Open-architected needs-based approach,Automotive,Automotive_2,93.68,"Butler, Clarke and Neal",4.8,1197,0,State sport large boy treat end dream population newspaper appear successful different amount despite discussion.,0.17861992096463675,0
286,Distributed client-driven middleware,Beauty,Beauty_1,113.32,Morris-Avila,3.0,514,1,Affect she man prove recent nearly always operation decade old according reduce ok.,0.21842131928260208,1
287,Multi-layered multimedia concept,Beauty,Beauty_2,26.19,Lewis-Herrera,1.8,2959,0,Season example news memory civil cut parent free force employee budget experience agreement owner prepare memory.,0.0418482115715878,1
288,Open-architected demand-driven contingency,Automotive,Automotive_4,441.37,Williams Inc,1.2,2654,1,Customer now section strategy purpose though stand guess approach personal.,0.8832303171547269,0
289,Re-contextualized eco-centric data-warehouse,Grocery,Grocery_3,418.26,"Johnson, Smith and Gallegos",2.1,4459,1,Deal water home force worker own close man night experience would tax.,0.8363967980545141,5
290,Fully-configurable asynchronous pricing structure,Toys,Toys_4,185.82,Wilkerson Inc,3.6,637,1,Anyone action ever a knowledge rock which best happy position wife score health evidence president father.,0.3653460330327287,9
291,Automated bottom-line framework,Toys,Toys_2,260.6,Baker and Sons,2.4,2826,0,Try season radio air use live add beat doctor.,0.5168912757118249,9
292,Reduced system-worthy open architecture,Automotive,Automotive_5,8.27,Nelson-Warner,4.5,3603,1,As reality democratic huge help also it letter company actually today prevent where then.,0.005532475428108216,0
293,Triple-buffered executive success,Home & Kitchen,Home & Kitchen_1,259.7,Harris-Adams,2.1,1230,1,White could ready special yet analysis none tax next reflect social.,0.5150673827135475,7
294,Universal value-added application,Books,Books_3,303.0,Cox-George,4.3,1886,0,Star name health top risk must fly police imagine oil head work should challenge.,0.6028169014084507,2
295,Synergistic web-enabled methodology,Beauty,Beauty_1,243.35,"Daniels, Ward and Reynolds",2.9,1726,1,Education case under population late much quite threat gas truth work certain game plan seat surface.,0.48193332657817406,1
296,Re-engineered client-driven utilization,Toys,Toys_1,125.62,Summers Group,1.5,4852,1,Statement thing wrong name mind offer effort nearly.,0.24334785692572702,9
297,Down-sized user-facing emulation,Books,Books_5,24.4,"Mckinney, Rogers and Wilson",3.3,458,1,Nature house prevent hotel officer seek reach write difficult popular choose really.,0.038220691052791564,2
298,Versatile content-based structure,Sports,Sports_2,260.74,Barry PLC,2.6,4617,1,Manager trouble reason fill sense field decide point.,0.5171749924004458,8
299,Ergonomic 4thgeneration adapter,Sports,Sports_1,112.21,Phillips and Sons,3.4,3861,0,Still quite attack laugh budget war product action our.,0.21617185125139324,8
300,Mandatory human-resource hub,Books,Books_2,416.03,Torres PLC,3.4,4773,1,Try play order quickly with matter goal eight list something send show institution onto thing we.,0.8318775965143378,2
301,Synergized mobile algorithm,Health,Health_5,135.94,Johnson-Freeman,3.9,2807,0,Little myself bar right resource two lawyer see.,0.2642618299726416,6
302,Front-line real-time leverage,Health,Health_5,39.08,Morris PLC,2.5,1083,1,Describe improve act campaign television sit very know maybe leg recent hold understand president.,0.06797041240247238,6
303,Business-focused eco-centric paradigm,Electronics,Electronics_2,263.74,Wolfe Group,4.6,3438,1,Total fall clear face former body choice study current.,0.5232546357280373,4
304,Pre-emptive dynamic ability,Health,Health_1,92.82,Parsons-Roman,4.6,4913,1,Significant analysis consumer future raise suffer director know red.,0.17687708987739384,6
305,Customizable bandwidth-monitored concept,Grocery,Grocery_5,377.43,Anderson PLC,1.4,1067,1,Age many some involve remain today happy myself industry almost job reduce at beautiful there.,0.7536528523659946,5
306,Synchronized heuristic leverage,Toys,Toys_5,213.24,Hunter-Sanchez,4.5,4340,0,Building class now professor land you health enjoy at.,0.4209139730469146,9
307,Switchable contextually-based paradigm,Home & Kitchen,Home & Kitchen_4,395.83,Wilson-Williams,2.5,4825,1,Challenge card reduce action art small both program one across.,0.7909413314418887,7
308,Devolved foreground encryption,Toys,Toys_2,130.99,Solis-Lopez,4.1,686,1,Long degree common need phone teach audience project tax certainly set local wrong authority.,0.25423041848211575,9
309,Down-sized dynamic product,Health,Health_5,207.28,Franco-Ward,1.8,58,1,Still image sell amount fly house cover risk health last.,0.40883574830276626,6
310,Face-to-face value-added capacity,Grocery,Grocery_1,190.64,Mendez-Tyler,1.8,2587,0,Position sense church out explain significant item all at be through certainly political.,0.3751139933123923,5
311,Multi-layered even-keeled infrastructure,Beauty,Beauty_1,81.62,Marshall-Roman,3.6,2077,1,Field movement force final way memory history that read receive type painting.,0.15417975478771911,1
312,Switchable zero tolerance orchestration,Grocery,Grocery_4,284.51,Harrison Inc,3.4,3255,1,Window mouth pattern as pick various themselves organization direction unit food dream course win.,0.5653460330327287,5
313,Ergonomic full-range model,Toys,Toys_5,392.98,"Jenkins, Baker and Coleman",2.9,3032,0,Shoulder three cause show far reach gun myself fly something.,0.7851656702806769,9
314,Reduced multi-state conglomeration,Sports,Sports_3,290.94,Hardy LLC,4.1,3261,1,Day so store consumer positive market early machine establish nothing.,0.5783767352315331,8
315,Public-key global circuit,Clothing,Clothing_2,226.06,Obrien-King,3.8,1325,1,Spend worker about country various until lawyer yard on everyone note current.,0.4468943155334887,3
316,Business-focused interactive product,Home & Kitchen,Home & Kitchen_5,203.28,Larson-Alvarez,2.4,4510,1,Finish cause but set yes American audience blue movement camera benefit sea institution.,0.40072955719931097,7
317,Balanced stable open system,Books,Books_4,482.46,Smith LLC,1.0,746,1,Rest exist drive determine page seem until government door age once several commercial whom himself my.,0.9665011652649711,2
318,Ameliorated cohesive array,Automotive,Automotive_5,220.51,"Yang, Irwin and Nelson",1.3,1816,1,Buy east image drug participant throughout truth evidence about provide itself team support land.,0.4356469753774445,0
319,Focused bandwidth-monitored artificial intelligence,Clothing,Clothing_5,23.69,Marquez-Ramos,2.5,3282,1,Sure seek age share day pull job themselves garden again medical hold kind.,0.03678184213192826,3
320,Expanded holistic circuit,Health,Health_1,473.13,"Jones, Hood and Vega",4.3,4049,0,Small debate fire if eat fact discuss over like.,0.9475934745161617,6
321,Assimilated systemic open system,Electronics,Electronics_2,426.03,Brewer Inc,4.7,4244,1,Require against occur growth after job knowledge interest join give especially treatment employee citizen.,0.852143074272976,4
322,Face-to-face optimal project,Home & Kitchen,Home & Kitchen_1,393.06,"George, Patrick and Singleton",3.0,1897,1,Hair set bed trouble begin receive anyone bad use laugh fall teach.,0.785327794102746,7
323,Grass-roots contextually-based emulation,Electronics,Electronics_3,123.43,Collins-Meyer,1.0,1289,1,The per of situation the term scientist explain like institution.,0.23890971729658528,4
324,Down-sized disintermediate adapter,Sports,Sports_4,179.8,Morrison Inc,2.6,4801,1,Significant especially situation move single network hard condition.,0.3531462154220286,8
325,Public-key contextually-based encryption,Grocery,Grocery_1,369.78,Nguyen and Sons,1.3,738,1,Message again mean arm career answer choose car technology strong off.,0.7381497618806363,5
326,Grass-roots maximized encryption,Grocery,Grocery_5,177.31,Thompson-Rodriguez,4.9,2265,1,Class paper amount work career expert more majority senior nearly.,0.34810011146012765,5
327,Up-sized impactful moderator,Health,Health_2,230.11,Hayden-Harding,2.6,38,1,Skill officer study if edge view cold teach call already available yes.,0.4551018340257372,6
328,Innovative bifurcated portal,Books,Books_4,255.59,Reyes-Evans,3.2,4121,1,Fire cup administration itself point chair tend.,0.5067382713547471,2
329,Virtual value-added challenge,Beauty,Beauty_1,402.46,"Leon, Sanders and Thomas",4.8,4406,1,Tough education human require he daughter candidate where early certainly.,0.8043773431958658,1
330,Sharable bandwidth-monitored frame,Automotive,Automotive_4,283.77,Brown-Marshall,4.1,2782,0,Thought the back family start necessary American wonder suggest attack former financial medical.,0.5638463876785895,0
331,Advanced bandwidth-monitored circuit,Automotive,Automotive_5,431.7,"Dawson, Nelson and Johnson",2.9,2112,1,Piece he large free party get force happy song one.,0.8636336001621238,0
332,Organic well-modulated matrix,Toys,Toys_2,340.07,Gallagher-Johnson,1.9,2586,0,Rock not attack why usually help produce key reveal environment central trip behavior himself hour.,0.6779410274597223,9
333,Balanced 6thgeneration framework,Beauty,Beauty_5,270.15,Mckay and Sons,3.8,2157,1,Notice individual stay charge natural effort trouble a at teach enter lot at.,0.5362448069713243,1
334,Persistent composite service-desk,Sports,Sports_1,202.47,Wilson-Caldwell,4.0,2801,1,Pattern woman sure western election next threat sport former professor money property.,0.3990880535008613,8
335,Universal optimizing model,Grocery,Grocery_2,240.89,"Ramirez, Wheeler and Mosley",2.4,4699,1,Spring its evening vote feel win yard anything option soon.,0.47694801904954903,5
336,Function-based bi-directional circuit,Books,Books_2,252.0,"Walker, Logan and Gilmore",1.8,1982,1,Less check better my guy score information former ball class.,0.4994629648393961,2
337,Polarized stable architecture,Home & Kitchen,Home & Kitchen_2,105.37,Howe-Brown,2.0,2916,1,Spring child list air visit brother dog these man when open if support.,0.20231026446448475,7
338,Horizontal dynamic pricing structure,Clothing,Clothing_1,460.49,Rogers PLC,3.7,4035,1,Order table beyond bank scene change investment to various soldier recently charge.,0.9219779106292431,3
339,Business-focused 24hour leverage,Grocery,Grocery_1,424.77,Johnson LLC,2.5,2583,0,Quickly truth record program beautiful close finally beyond you bank always a.,0.8495896240753875,5
340,Ergonomic composite infrastructure,Health,Health_3,247.95,Rodriguez-Watkins,4.9,4187,1,Student author partner catch left system church simply method market difference exist hotel full clear line.,0.4912554463471476,6
341,Organized heuristic migration,Toys,Toys_2,376.33,Carter-Thornton,1.5,4306,0,Individual us some suggest program decision leave reflect already arrive themselves challenge your.,0.7514236498125443,9
342,De-engineered coherent success,Automotive,Automotive_5,21.12,Campbell LLC,2.4,1431,0,Often responsibility itself but popular wall need onto visit decide list almost.,0.03157361434795825,0
343,Diverse hybrid core,Clothing,Clothing_5,232.73,Jones-Johnson,3.8,96,1,Hope speech less whom situation television last staff seat religious probably.,0.46041138919850033,3
344,Versatile non-volatile standardization,Toys,Toys_5,54.87,Smith and Sons,2.4,2127,1,Indeed main write challenge this drive page whatever trade result individual.,0.09996960178336203,9
345,Visionary 24/7 product,Grocery,Grocery_3,122.38,Dawson-Mcbride,2.9,2810,1,Front bit sign wide cut challenge quite tax season event hospital more.,0.23678184213192824,5
346,Reverse-engineered reciprocal pricing structure,Books,Books_4,214.85,Graham Ltd,2.7,3049,1,Lawyer rest natural much sense and forward.,0.4241767149660553,2
347,Open-source optimizing product,Toys,Toys_3,228.11,Wells Group,3.3,4717,1,Trial participant discuss firm opportunity last feel present although director toward effect enter most.,0.45104873847400956,9
348,Balanced directional knowledge user,Clothing,Clothing_3,403.02,Sanders Group,3.2,3120,1,When sort event sport national indicate maybe.,0.8055122099503496,3
349,Upgradable zero administration productivity,Books,Books_2,239.13,Mack-Alvarado,1.0,3453,0,Writer degree product explain break dog writer night forget nation customer rate bag positive.,0.47338129496402875,2
350,Polarized 3rdgeneration attitude,Books,Books_5,269.32,Velazquez Ltd,2.3,3986,1,College factor either class interview role guess share eye young reality.,0.5345627723173574,2
351,Sharable asymmetric archive,Sports,Sports_5,429.96,Marks Inc,1.2,810,1,At show serve establish condition share front matter strong movement.,0.8601074070321207,8
352,Profound bottom-line matrices,Electronics,Electronics_2,407.84,"Mendez, Floyd and Kelly",2.9,788,0,Good hold country war rise treat per wide.,0.8152801702300131,4
353,Visionary background architecture,Beauty,Beauty_3,183.68,Thomas and Sons,3.2,2111,1,Spring movement long under place ahead table society it southern simply I cold perform low.,0.3610092207923802,1
354,Reverse-engineered value-added standardization,Electronics,Electronics_4,65.01,Cherry Ltd,4.5,4960,1,Strong value sit newspaper leader focus hard tonight already could.,0.12051879623062114,4
355,Re-engineered heuristic adapter,Health,Health_5,326.68,"Peck, Wong and Perry",3.2,2331,1,Wide television be successful organization no bring.,0.6508055527409059,6
356,Devolved methodical methodology,Beauty,Beauty_5,246.31,"Ferrell, Swanson and Peterson",3.9,642,0,Specific skill point early Mr international although blood voice professor your receive staff yourself exactly sure.,0.48793190799473096,1
357,Compatible multi-tasking hierarchy,Health,Health_3,234.56,Jimenez Ltd,4.8,1372,1,Imagine ago expect continue behavior case modern outside beyond box window.,0.46411997162833113,6
358,Visionary full-range functionalities,Toys,Toys_5,287.96,White and Sons,4.4,584,1,Song discuss everybody success nearly must teacher speech near officer real father need father time sell.,0.5723376228594589,9
359,Balanced fault-tolerant instruction set,Books,Books_3,117.97,Barrett LLC,2.3,2386,1,Carry behind war about through amount special.,0.22784476644036883,2
360,Open-architected needs-based benchmark,Health,Health_4,139.27,Moore-Ayers,2.8,2975,0,Bank collection possible notice term piece admit despite remain college.,0.2710102340662681,6
361,Synergized multimedia encoding,Toys,Toys_2,96.02,Smith-Mills,1.1,1922,1,Office role success manage draw involve party home stay fall carry.,0.18336204276015805,9
362,Reverse-engineered incremental paradigm,Clothing,Clothing_2,87.62,Adams-Jensen,1.4,522,0,Religious effort painting ability boy opportunity section reality office.,0.166339041442902,3
363,Stand-alone optimal capability,Grocery,Grocery_1,18.05,"Wright, Dawson and Hall",2.6,681,1,Seat rule range card design where off prepare response stop.,0.02535211267605634,5
364,Advanced incremental benchmark,Sports,Sports_5,81.86,Clark-Thomas,3.6,3193,1,Than foot in process quite kitchen cut play deal.,0.15466612625392642,8
365,Multi-channeled content-based secured line,Home & Kitchen,Home & Kitchen_2,370.11,"Sanchez, Burns and Hill",2.8,1035,1,Edge item city sit street security modern.,0.7388185226466714,7
366,Expanded incremental budgetary management,Grocery,Grocery_2,19.14,Taylor-Ramirez,3.7,2664,0,Shoulder list several assume lawyer field difference cut tell style white especially lose.,0.027561049751747897,5
367,Organic client-driven adapter,Automotive,Automotive_5,467.75,Brewer Group,3.2,1106,1,Worry necessary politics certain environment he effort better television might.,0.9366906474820144,0
368,Integrated value-added initiative,Health,Health_5,230.99,Brown Inc,4.0,4620,0,Together edge each whatever use task off under two physical.,0.4568851960684973,6
369,Progressive 24hour collaboration,Grocery,Grocery_5,158.28,Murphy Ltd,2.4,4420,1,Information game loss cost run result interesting receive evening current I success own nor benefit.,0.30953490728543925,5
370,Phased regional customer loyalty,Clothing,Clothing_4,157.39,Nguyen LLC,2.6,1275,1,Likely drop four dinner whatever administration baby north case improve analysis level.,0.30773127976492043,3
371,Public-key user-facing archive,Electronics,Electronics_1,264.04,Becker PLC,4.0,1116,1,Responsibility determine Democrat he already activity onto build exactly open last decide future.,0.5238626000607964,4
372,Front-line reciprocal capability,Sports,Sports_4,269.87,Trujillo PLC,3.8,4029,0,Second voice drop live everyone cold serious rock unit majority yeah somebody thought beyond mean.,0.5356773735940825,8
373,Focused object-oriented focus group,Sports,Sports_1,384.11,Simmons LLC,4.2,4890,1,Send news clearly school wonder occur project court state doctor and conference.,0.7671901915087649,8
374,Expanded dedicated capacity,Electronics,Electronics_5,189.95,Murray-Stanley,2.6,4592,0,Peace all rise right happen series seven strong it reach.,0.3737156753470463,4
375,Diverse methodical implementation,Toys,Toys_2,85.82,Jackson Inc,3.9,3192,0,Compare successful inside be church available indeed itself record coach require research this most too.,0.16269125544634713,9
376,Reverse-engineered optimal groupware,Home & Kitchen,Home & Kitchen_3,44.21,Moore-Osborn,3.5,4232,1,Produce democratic last common student knowledge firm paper unit sometimes structure cultural far significant let.,0.07836660249265376,7
377,Cross-group optimal budgetary management,Sports,Sports_5,405.36,"Martinez, Brown and Mclaughlin",2.7,560,1,Wear both look training oil scene career military much discussion call traditional meet parent this.,0.8102543317458709,8
378,Front-line national neural-net,Books,Books_3,59.63,Morgan PLC,2.8,3709,1,Employee forward carry condition into sure day sort.,0.1096159691964738,2
379,Face-to-face tangible productivity,Health,Health_4,97.96,Holmes PLC,1.1,406,1,Author return national scene focus clearly everybody suggest air she sister simple real.,0.18729354544533386,6
380,Up-sized 4thgeneration artificial intelligence,Books,Books_1,144.65,Martin-Harmon,1.5,3591,1,Ball read lose south keep thus positive arm piece why ago change government here boy trial.,0.2819130611004155,2
381,Stand-alone explicit system engine,Home & Kitchen,Home & Kitchen_1,79.59,Green-Miller,3.0,2800,0,Outside office live make travel baby compare shake may.,0.15006586280271558,7
382,Balanced foreground implementation,Sports,Sports_4,498.99,Williams-Hamilton,2.9,259,1,Analysis any product though help PM become.,1.0000000000000002,8
383,Up-sized multi-state focus group,Clothing,Clothing_2,32.74,"Hernandez, Gray and Martinez",4.1,584,0,Chance especially direction focus product hand start size heart among research person apply.,0.055122099503495794,3
384,Expanded disintermediate installation,Books,Books_2,448.37,"Chase, Grant and Montgomery",2.0,3125,1,Sign single well task moment call art.,0.8974161515857736,2
385,Business-focused bottom-line infrastructure,Clothing,Clothing_2,195.47,Davenport-Martinez,4.9,2024,1,Trip school energy safe while popular natural list they eat create responsibility could positive hundred.,0.3849022190698146,3
386,Fully-configurable coherent service-desk,Home & Kitchen,Home & Kitchen_4,368.98,Thomas Group,1.4,1707,0,Question rise miss population project film father again these series candidate reveal suddenly issue bit whether.,0.7365285236599454,7
387,Function-based attitude-oriented Local Area Network,Toys,Toys_3,468.43,Short LLC,1.6,345,1,Hope great seek serious term amount idea director put future raise family where treatment age be.,0.9380686999696017,9
388,Multi-tiered fault-tolerant installation,Sports,Sports_4,321.07,Roy-Palmer,1.8,426,1,Measure truth sign room happy new may condition word former win letter story article read.,0.6394366197183098,8
389,Automated explicit software,Clothing,Clothing_2,318.29,"Brown, Farrell and Allen",2.3,1371,1,Decade share great stock election fire remember house develop center.,0.6338028169014085,3
390,Customer-focused background attitude,Health,Health_1,200.93,"Greene, Fox and Griffith",2.0,344,0,Name paper cup order piece cup describe if follow.,0.39596716992603104,6
391,Face-to-face 6thgeneration installation,Health,Health_2,188.84,Cummings Inc,1.4,1291,0,Seven market which yard believe whether teach single result modern across treatment decade ago specific only.,0.37146620731583746,6
392,Managed zero-defect instruction set,Clothing,Clothing_5,172.52,Dunn PLC,4.9,491,1,Under each help line reflect enough exist without build right indeed able perform degree happy.,0.33839294761374,3
393,Monitored client-driven approach,Beauty,Beauty_2,352.16,Collins Inc,4.2,1030,0,That police offer board factor discuss morning gas ago.,0.7024419900699159,1
394,Devolved web-enabled installation,Home & Kitchen,Home & Kitchen_3,490.93,Jackson Ltd,4.2,2845,0,Walk paper media available later friend industry begin value.,0.9836660249265377,7
395,Total value-added superstructure,Home & Kitchen,Home & Kitchen_1,346.18,Anderson-Herrera,2.4,1103,1,Stop piece sing front manage how itself.,0.6903232343702503,7
396,User-friendly 6thgeneration model,Electronics,Electronics_4,354.78,"Davis, Francis and Simmons",3.2,4446,0,Voice want themselves area those guess huge.,0.707751545242679,4
397,Robust background task-force,Home & Kitchen,Home & Kitchen_5,97.38,Hughes Ltd,2.4,3837,1,Authority wait defense well should effect future appear involve nearly job board phone magazine.,0.18611814773533283,7
398,Virtual next generation project,Health,Health_5,84.37,Howell PLC,3.1,3681,1,Face white break fight never soldier world sister garden down television.,0.15975276117134463,6
399,Reactive user-facing moderator,Sports,Sports_5,186.72,Russell and Sons,1.0,4144,0,Population pass buy bill have reality adult state medical year.,0.3671699260310062,8
400,Reduced tertiary architecture,Books,Books_1,311.77,Mitchell-White,2.5,1956,1,Research laugh effort southern idea our of.,0.6205897254027763,2
401,Self-enabling intangible throughput,Clothing,Clothing_5,410.43,"Armstrong, Bennett and Deleon",1.8,4075,1,Store politics service second put seven take bed mission certain situation.,0.8205289289695005,3
402,Reduced human-resource productivity,Health,Health_3,164.69,"Wright, Rivera and Garcia",3.6,904,1,Sign thought notice society task well three.,0.3225250785287263,6
403,Customer-focused contextually-based time-frame,Grocery,Grocery_1,26.67,Phillips and Sons,4.8,1463,1,Identify nice visit imagine record wrong list huge brother shake win air kind.,0.04282095450400243,5
404,User-friendly didactic function,Home & Kitchen,Home & Kitchen_1,245.26,"Hahn, Ramsey and Meyer",1.4,4677,0,For production traditional practice together minute price night admit standard.,0.48580403283007395,7
405,Horizontal 24hour hardware,Automotive,Automotive_5,313.87,Clay-Wilson,3.4,402,1,Total not its air source six image several name.,0.6248454757320904,0
406,Digitized intermediate protocol,Home & Kitchen,Home & Kitchen_5,360.33,Davis-Pierce,1.1,1709,0,Her imagine authority stop address loss international public rate certainly couple more number wonder seek.,0.7189988853987233,7
407,Function-based content-based time-frame,Clothing,Clothing_4,401.5,Ross-Hernandez,1.2,4571,0,Someone financial meeting personal American ahead where long difference according system its hospital those artist area.,0.8024318573310366,3
408,Virtual human-resource middleware,Beauty,Beauty_1,412.7,Jones Ltd,2.1,333,1,Sport friend wide take answer at month partner evidence fall.,0.8251291924207113,1
409,Robust asynchronous support,Sports,Sports_1,472.58,Brown-Russell,4.8,795,1,Television miss the we politics phone anyone happy point.,0.9464788732394366,8
410,Future-proofed 3rdgeneration methodology,Home & Kitchen,Home & Kitchen_5,195.74,Ramos-Campbell,1.8,2037,1,Around wall those rise several in candidate case affect.,0.3854493869692978,7
411,Cross-group value-added matrix,Grocery,Grocery_5,210.52,"Garrett, Wells and Cruz",1.4,4723,1,Word not usually at sing age view.,0.415401763096565,5
412,Synergistic national firmware,Automotive,Automotive_4,442.0,Waller and Sons,1.7,1477,0,Law become car use group us dark trouble husband level.,0.8845070422535212,0
413,Configurable maximized access,Grocery,Grocery_3,330.48,Atkinson and Sons,3.1,4914,0,Bad clear here despite instead stay woman fish.,0.6585064342891884,5
414,Persistent modular moratorium,Beauty,Beauty_3,277.29,"Bray, Bennett and Lee",5.0,3045,0,Avoid property father enough any which ten follow cell how member win behind every.,0.550714358090992,1
415,Business-focused disintermediate knowledge user,Toys,Toys_3,306.16,Fleming Inc,3.3,1752,0,Like board center leg so project color cost add claim begin man star.,0.6092207923801805,9
416,Public-key contextually-based benchmark,Grocery,Grocery_3,183.2,"Lee, Stone and Beltran",2.8,3252,1,Occur future stop six rather just serious term discuss.,0.3600364778599655,5
417,Quality-focused dynamic budgetary management,Electronics,Electronics_3,299.9,"Thompson, Maldonado and Flores",3.1,2472,1,Full occur last school manage reflect name.,0.5965346033032728,4
418,Sharable interactive initiative,Sports,Sports_2,111.34,"Ho, Wilson and Mendoza",2.3,2260,1,I visit door if sister chair society half.,0.21440875468639173,8
419,Adaptive homogeneous moratorium,Clothing,Clothing_1,232.88,Miller and Sons,1.6,2170,1,Difference glass purpose beat hotel them hand since much.,0.4607153713648799,3
420,Organized bi-directional software,Health,Health_2,120.33,Sullivan-Hernandez,4.2,752,0,Mission show company word catch nothing why sense.,0.23262741919140742,6
421,Balanced next generation parallelism,Health,Health_2,368.46,"Barton, Adams and Jordan",3.9,3952,1,My situation test well camera truth surface sometimes week reality discover success item rest respond economy.,0.7354747188164961,6
422,Implemented secondary capacity,Automotive,Automotive_5,410.66,Khan-Morgan,1.4,2460,1,Mention picture positive exist later nation leader special tree receive kid ground condition time I hospital.,0.8209950349579491,0
423,Exclusive needs-based throughput,Health,Health_4,43.85,"Lopez, Peck and Hayes",1.2,2739,1,Sister white as physical wind manager mother his change perhaps trip media.,0.0776370452933428,6
424,Universal coherent capacity,Toys,Toys_4,465.47,Black-Gonzalez,1.5,1857,1,So mother race a poor radio society.,0.9320701185530449,9
425,Multi-layered actuating standardization,Toys,Toys_1,155.87,Ware-Alvarado,1.2,4423,1,Sense hope road forward lead although pull collection tonight compare second system.,0.3046509271456075,9
426,Future-proofed eco-centric contingency,Beauty,Beauty_5,350.4,"Long, Watkins and Gonzalez",1.6,3218,0,Step particularly control east weight raise school suggest smile store develop wait.,0.6988752659843955,1
427,Quality-focused object-oriented benchmark,Health,Health_5,254.84,Sullivan-Green,1.9,2373,0,Cost seven reveal usually concern war home why commercial watch develop reason.,0.5052183605228493,6
428,Mandatory multi-tasking portal,Books,Books_2,171.4,"Wood, Walker and Esparza",2.9,403,0,Blood represent hard agent position million what wear next administration fly maintain quite station.,0.3361232141047725,2
429,Face-to-face 24hour core,Sports,Sports_1,202.27,Fuller-Wilson,2.7,1068,1,Station avoid strategy trial out close current strategy four door soldier beat hair house because.,0.39868274394568853,8
430,Implemented logistical benchmark,Automotive,Automotive_5,103.06,Carey-Harris,2.6,4680,1,Rock hand though stage live suffer modern draw international surface.,0.19762893910223933,0
431,Balanced 3rdgeneration process improvement,Grocery,Grocery_5,498.55,Cisneros-Hernandez,3.1,1985,1,Exist show beautiful simply concern him more young.,0.99910831897862,5
432,Total optimizing moderator,Sports,Sports_4,165.09,Hoffman-Jacobs,4.7,733,1,Serious according guess dog method newspaper short I three.,0.32333569763907183,8
433,Managed next generation workforce,Toys,Toys_4,185.81,Butler-Sosa,1.8,2822,1,Media society last kind fear cold manage full front scientist protect must fund open who someone.,0.3653257675549701,9
434,Intuitive zero tolerance structure,Sports,Sports_2,493.89,"Roberts, Shaw and Torres",3.5,3622,1,Treat whose speech into forward carry surface think amount soon head director positive discussion when capital.,0.9896646063430946,8
435,Customizable fresh-thinking functionalities,Automotive,Automotive_1,462.49,Clark LLC,1.9,3062,1,Lose miss plant international scene radio exist expect mind pay history people.,0.9260310061809707,0
436,Universal mobile circuit,Clothing,Clothing_1,371.09,Mccarty-Vaughn,2.0,1209,1,Institution together small rest fall including section can suffer world.,0.7408045394670179,3
437,Triple-buffered composite hub,Electronics,Electronics_3,348.43,Clark-Benjamin,1.4,3686,0,Despite spend remain space black card student call paper these population phone perhaps arrive scene.,0.6948829668659439,4
438,Cross-group multi-state encryption,Electronics,Electronics_3,108.46,Baker-Moore,3.2,1669,1,Leg agency close likely million beautiful lay skin tonight lose fly section guy physical low.,0.20857229709190392,4
439,Multi-tiered coherent orchestration,Grocery,Grocery_4,313.41,Nguyen PLC,5.0,150,0,Memory simply prove law tonight network role hotel.,0.6239132637551931,5
440,Reactive contextually-based structure,Health,Health_5,26.52,Horne-Brewer,1.7,2326,1,As reach cup skin rock understand pretty whom what.,0.04251697233762285,6
441,Assimilated fresh-thinking contingency,Health,Health_3,31.28,Moore PLC,3.6,68,1,Degree in commercial beyond interview force take away field network century to foot hair who smile.,0.05216333975073463,6
442,Quality-focused demand-driven functionalities,Toys,Toys_3,333.18,"Case, Adams and Martinez",4.7,2950,1,Say think despite space face walk number end effect specific simple particularly rise Congress.,0.6639781132840207,9
443,Organized real-time paradigm,Electronics,Electronics_3,434.37,Smith-Duncan,3.6,1893,0,Attorney area east too life money marriage both make time force often next.,0.8690444827236802,4
444,Programmable dynamic capacity,Grocery,Grocery_1,452.42,Johnson Ltd,2.9,4891,1,Care hair role risk approach could also and.,0.9056236700780221,5
445,Virtual neutral matrix,Books,Books_2,252.82,"Cochran, Parks and Owens",2.8,176,1,Media notice glass decision science relate head method continue PM hour article study seek.,0.5011247340156044,2
446,Visionary 6thgeneration customer loyalty,Home & Kitchen,Home & Kitchen_5,155.94,Ramirez LLC,3.0,1286,1,Two population spring talk off body at strong clear decide.,0.3047927854899179,7
447,Upgradable object-oriented array,Beauty,Beauty_3,180.91,Maxwell Ltd,2.2,4106,1,Cold unit walk see professional begin current everyone test memory arm statement treatment office yeah.,0.3553956834532374,1
448,Configurable demand-driven software,Electronics,Electronics_3,439.95,"Porter, Franklin and Wilson",4.6,241,1,Any character charge debate brother rather red least level produce apply paper second.,0.8803526193130002,4
449,Cross-group bifurcated budgetary management,Home & Kitchen,Home & Kitchen_2,174.18,Powell-Anderson,2.6,1124,1,Among pay all carry garden sea more join eat.,0.34175701692167393,7
450,Secured value-added superstructure,Toys,Toys_5,480.5,Johnson PLC,3.4,1863,0,Issue front movie produce lay theory specific since billion share.,0.962529131624278,9
451,Horizontal context-sensitive attitude,Home & Kitchen,Home & Kitchen_5,80.61,Mitchell PLC,4.9,4959,1,Personal cell front across professor word change expert can style option red happen.,0.15213294153409665,7
452,Monitored uniform implementation,Automotive,Automotive_5,70.23,Cochran Ltd,3.6,4759,1,South Democrat project other campaign reason market.,0.13109737562063026,0
453,Ameliorated zero-defect attitude,Books,Books_3,345.82,Novak Inc,4.6,1107,0,Every interest grow force happen film under deep agree.,0.6895936771709393,2
454,Compatible value-added time-frame,Books,Books_5,458.97,Johnson Group,2.3,4565,1,Institution gun class discuss manager art out.,0.9188975580099301,2
455,Centralized leadingedge success,Books,Books_3,420.56,"Maynard, Reynolds and Atkins",1.6,241,1,Include candidate team most war blood floor.,0.8410578579390009,2
456,Diverse systemic product,Toys,Toys_4,155.16,"Smith, Haynes and Delacruz",4.0,2242,1,Economic by pattern traditional if many trial.,0.30321207822474416,9
457,Sharable local hub,Home & Kitchen,Home & Kitchen_1,70.12,Orozco-Parker,1.1,2186,1,He opportunity sing girl expect such watch economy.,0.13087445536528525,7
458,Customer-focused client-driven workforce,Health,Health_2,119.3,Murray-Smith,1.1,651,0,Never shoulder something method although ago treatment.,0.2305400749822677,6
459,Open-source neutral emulation,Books,Books_5,423.84,Cole LLC,2.9,3063,1,Major interest amount actually best risk hand blue.,0.8477049346438341,2
460,Reverse-engineered 4thgeneration success,Toys,Toys_4,239.55,Mccann Ltd,1.7,1853,1,Less crime amount laugh east left director bag.,0.4742324450298916,9
461,Business-focused executive hierarchy,Toys,Toys_1,463.09,"Finley, Vasquez and Gonzalez",4.8,1823,1,Company region agent north consider mother month green international involve effect ahead building.,0.9272469348464889,9
462,Adaptive full-range customer loyalty,Home & Kitchen,Home & Kitchen_1,92.65,"Lara, Waters and Lawson",4.8,3598,0,State try keep effect join hour statement bad one.,0.17653257675549702,7
463,Progressive disintermediate challenge,Beauty,Beauty_4,444.36,"Nash, Smith and Brown",2.7,342,0,Idea international financial form operation sense somebody anything open project buy.,0.8892896950045598,1
464,Function-based 5thgeneration adapter,Beauty,Beauty_4,307.69,"Rios, Richards and Stephens",4.0,4864,1,Attack resource serious teach piece especially able economic young assume six amount particular maybe space.,0.612321410477252,1
465,Innovative secondary policy,Grocery,Grocery_1,228.55,Noble-Foster,4.3,347,1,More manage difference assume leg keep build increase owner seek bill traditional western chance machine weight.,0.4519404194953896,5
466,Pre-emptive mission-critical orchestration,Grocery,Grocery_5,200.83,Wright-Rivas,3.9,4568,0,Join decision read middle opportunity eye nothing box particular southern attack state.,0.39576451514844463,5
467,Fundamental composite Internet solution,Grocery,Grocery_1,98.98,"Taylor, Lewis and Williams",2.8,2494,1,Star music commercial become area citizen program agree sort physical believe us view want.,0.18936062417671498,5
468,Configurable disintermediate hub,Automotive,Automotive_2,214.12,"Miles, Gilbert and Palmer",3.5,446,1,Those sister large chair born wish while room Mr personal who until meet spring.,0.4226973350896747,0
469,Compatible needs-based initiative,Automotive,Automotive_4,49.77,Torres-Taylor,3.0,1472,1,Later they green message until number key medical join.,0.08963420812645659,0
470,Advanced needs-based conglomeration,Toys,Toys_4,165.11,Cain LLC,1.1,3716,1,Another listen list behavior successful success herself be other before possible base citizen through purpose.,0.32337622859458914,9
471,Reverse-engineered encompassing utilization,Automotive,Automotive_1,128.79,Greene Group,3.8,1343,1,Tough character risk hot wall prove summer professor anyone amount great require else so so.,0.24977201337521532,0
472,Optimized bifurcated help-desk,Clothing,Clothing_1,354.58,Williams-Lam,3.5,698,0,Computer exist throw real next four help blood use ok.,0.7073462356875063,3
473,Switchable static project,Grocery,Grocery_5,475.13,White-Bowman,2.5,3117,1,Unit reduce executive particular himself eat enter partner agent laugh fine ask activity night bill central.,0.9516465700678893,5
474,Multi-channeled optimal task-force,Books,Books_3,284.92,Petersen Group,3.6,1229,1,My by maybe off smile develop movement mouth maybe pass they.,0.5661769176208329,2
475,Devolved empowering infrastructure,Books,Books_2,385.73,Hernandez-Archer,1.2,2523,1,Knowledge office interesting perhaps as feel Democrat stop only series right group sense outside spring.,0.7704731989056642,2
476,Expanded transitional installation,Automotive,Automotive_3,315.09,Hall Group,1.5,1077,1,Thus game wonder analysis effort news behind forward stop against close trade everything.,0.6273178640186442,0
477,Innovative modular circuit,Electronics,Electronics_5,383.87,Martinez-Davis,1.0,4076,0,Practice their recent event skin indicate suddenly like science to use assume.,0.7667038200425575,4
478,Programmable clear-thinking standardization,Grocery,Grocery_1,305.95,Wheeler-Berry,3.0,1776,0,Piece national what role term left necessary best bag even might yet skin style performance.,0.608795217347249,5
479,Object-based responsive implementation,Automotive,Automotive_4,223.73,Gardner-Jensen,3.4,53,1,Pay trip recognize ok recent near find medical note read term force open without sound.,0.442172459215726,0
480,Business-focused bifurcated capability,Grocery,Grocery_3,311.78,"Taylor, George and White",3.2,1700,1,Yes east up threat and box listen institution rock dinner other sell new house.,0.6206099908805349,5
481,Operative foreground encryption,Books,Books_2,32.26,Daugherty-Holland,2.4,1190,1,Method employee head argue magazine any order prepare.,0.05414935657108115,2
482,Innovative client-driven framework,Health,Health_5,152.73,"Mata, Wright and Williams",4.7,401,1,Your radio ever total technology party issue improve force job class star.,0.298287567129395,6
483,Integrated foreground interface,Toys,Toys_2,84.86,Burns-Ramos,2.1,4873,1,Throughout number site final five determine sit source ahead capital tax hard sometimes then situation.,0.16074576958151787,9
484,Sharable contextually-based throughput,Automotive,Automotive_5,183.29,Rogers-Roberts,1.1,2451,1,How free part director approach reason push civil.,0.3602188671597933,0
485,Enterprise-wide bottom-line conglomeration,Beauty,Beauty_4,411.03,Phillips Group,4.0,4509,1,Who long prevent financial care firm attack agree bad exactly work begin treat.,0.8217448576350187,1
486,Profit-focused eco-centric monitoring,Sports,Sports_4,71.6,"Fowler, Holder and Smith",3.8,2248,1,Address listen might how represent yard campaign themselves common other walk know size add soon.,0.13387374607356367,8
487,Organized client-driven structure,Grocery,Grocery_4,264.7,Sparks-Farrell,3.8,476,1,Away room try apply more director service long direction generation open history sell.,0.5252001215928666,5
488,Business-focused maximized neural-net,Health,Health_5,493.66,Beltran-Reid,2.9,4954,1,Work way company campaign public reason discussion food education someone woman environmental.,0.9891985003546458,6
489,Automated systematic interface,Toys,Toys_5,424.66,Torres-Richardson,2.0,4711,1,Full certainly culture they born war child require language show pass say with radio.,0.8493667038200426,9
490,Secured upward-trending artificial intelligence,Books,Books_5,283.5,Gonzales-Ayala,3.1,4077,0,Drug fall political score majority air test never here college.,0.5632992197791062,2
491,Compatible methodical help-desk,Books,Books_5,120.2,"Smith, Daniels and Solis",2.2,1585,1,Parent hit east among forget play almost participant.,0.23236396798054515,2
492,Focused fresh-thinking success,Clothing,Clothing_1,235.12,"Shaw, Thomas and Hanson",4.2,1698,0,Former director figure along TV record plant billion attorney their.,0.4652548383828149,3
493,Organic methodical middleware,Toys,Toys_1,170.23,Palmer-Jones,3.2,1739,1,Generation common effect true western energy into stay decision movement gun at owner.,0.33375215320701185,9
494,Extended local strategy,Home & Kitchen,Home & Kitchen_3,130.94,"Rodriguez, May and Curtis",1.3,2459,1,Drive other chair lead maybe produce them save sound nothing international only.,0.2541290910933225,7
495,Profound zero-defect collaboration,Electronics,Electronics_1,344.49,"George, Torres and Galloway",2.4,4660,1,Official car look ever last case heavy already become rock our security high education.,0.6868983686290404,4
496,Future-proofed clear-thinking database,Books,Books_2,168.6,"Wong, Vargas and Martin",2.4,3924,0,Draw society character both position near air turn church thing.,0.3304488803323538,2
497,Expanded context-sensitive model,Electronics,Electronics_2,243.34,"Glass, Joseph and Hawkins",3.5,4398,1,Cold building staff address discover threat administration reality history its.,0.48191306110041543,4
498,Customizable 6thgeneration algorithm,Automotive,Automotive_4,464.26,"Skinner, Carlson and Parrish",1.2,4268,1,Resource business natural stand country himself behavior article right today eye floor during want.,0.9296179957442496,0
499,Reverse-engineered multimedia system engine,Health,Health_3,279.81,Hartman LLC,1.1,4730,1,Situation short nearly catch fire impact word first put best about safe yes.,0.5558212584861688,6
500,Persevering web-enabled initiative,Beauty,Beauty_1,484.96,Smith LLC,2.1,255,1,Weight open join avoid affect ready job win protect instead begin actually.,0.9715675347046306,1
