user_id,username,email,age,gender,country,signup_date,is_premium,gender_encoded,account_age_days
1,johnsonjoshua,donaldgarcia@example.net,58,M,ST,2023-12-01,1,1,961
2,fjohnson,jesseguzman@example.net,65,F,FJ,2026-04-23,1,0,87
3,lrobinson,lisa02@example.net,32,M,NO,2024-12-28,1,1,568
4,eric51,jamesmichael@example.com,61,Other,UY,2024-09-01,1,2,686
5,blairamanda,smiller@example.net,55,F,VN,2025-01-30,1,0,535
6,janetwilliams,kendragalloway@example.org,19,M,BZ,2025-02-28,1,1,506
7,shawn52,michael41@example.net,32,Other,ZW,2024-04-09,1,2,831
8,frankgray,gabriellecameron@example.org,53,M,GT,2023-09-06,0,1,1047
9,richard13,jason76@example.net,32,F,PK,2024-02-25,0,0,875
10,donald88,julie69@example.com,69,M,ML,2024-06-23,1,1,756
11,williamdavis,callahaneric@example.org,62,F,KZ,2025-05-04,0,0,441
12,cruzcaitlin,jrice@example.org,35,M,KZ,2024-01-12,1,1,919
13,kayla51,ryan70@example.net,66,F,WS,2024-08-31,1,0,687
14,williamrodriguez,meagan89@example.org,23,F,DE,2025-02-18,1,0,516
15,amberosborne,georgetracy@example.org,40,F,ML,2024-11-07,0,0,619
16,brianhumphrey,millertodd@example.org,69,M,PS,2025-10-23,0,1,269
17,davidalvarez,josephbrennan@example.com,52,M,GH,2025-11-02,0,1,259
18,jenniferross,samuel87@example.org,23,Other,HU,2024-07-02,0,2,747
19,morganbrianna,briannasmith@example.net,58,Other,ZM,2023-10-18,0,2,1005
20,carlosjohnson,chad34@example.net,54,M,RU,2024-06-15,1,1,764
21,jenniferkhan,esanchez@example.com,20,Other,ET,2023-12-12,1,2,950
22,hopkinsmichael,uowens@example.org,67,F,GQ,2026-04-29,1,0,81
23,brownjessica,wrightjames@example.com,32,M,CU,2025-05-04,0,1,441
24,joshuawright,ramosmichelle@example.net,35,F,BZ,2023-10-05,0,0,1018
25,novaksara,gabrieltucker@example.org,28,F,MZ,2023-10-18,0,0,1005
26,nicholasgalloway,sara74@example.com,31,Other,MC,2025-11-28,0,2,233
27,smoore,tanyariley@example.net,62,Other,BH,2024-11-17,1,2,609
28,williamsthomas,brianromero@example.org,44,Other,BJ,2026-01-28,1,2,172
29,leonardjoe,davidashley@example.net,52,Other,UG,2023-09-18,1,2,1035
30,barnesbrandy,sarah35@example.org,28,F,IN,2025-03-24,0,0,482
31,emilyevans,sarah10@example.com,35,Other,VU,2025-12-09,1,2,222
32,jonesjason,david51@example.org,61,F,MN,2024-10-03,1,0,654
33,samueldaniels,cheryl80@example.net,32,M,TG,2024-10-26,0,1,631
34,mcmillandennis,prestonjulia@example.org,43,F,IR,2024-09-28,1,0,659
35,jenniferharris,william40@example.org,31,Other,ZW,2025-05-07,0,2,438
36,bradley52,evan78@example.net,31,Other,NP,2025-12-06,0,2,225
37,rodriguezsierra,amydavenport@example.net,43,Other,TG,2024-03-05,0,2,866
38,tanderson,rachel05@example.org,27,F,KZ,2024-08-09,1,0,709
39,gomezanita,vdickson@example.org,33,Other,GW,2024-03-27,0,2,844
40,nicolejohnson,kimberly63@example.com,65,Other,DJ,2026-07-12,0,2,7
41,reyesbenjamin,dwalker@example.com,55,F,KP,2024-07-06,0,0,743
42,andrewlee,joshua14@example.com,32,M,BA,2025-09-17,0,1,305
43,ifrazier,sheila14@example.org,23,M,TT,2024-09-03,1,1,684
44,rodriguezryan,samuel81@example.com,27,Other,TR,2024-05-09,1,2,801
45,bradley60,michaeljones@example.net,68,Other,LS,2026-03-13,0,2,128
46,elizabeth14,elizabeth56@example.net,56,M,KE,2025-11-26,0,1,235
47,jamesortega,lbyrd@example.net,42,Other,TN,2024-10-28,0,2,629
48,akelley,justin69@example.net,51,F,TD,2024-11-30,1,0,596
49,rramos,williamleon@example.net,61,Other,DO,2026-05-07,1,2,73
50,campbellelizabeth,clarence34@example.org,61,Other,FJ,2024-03-03,0,2,868
51,williamstracey,gibsonolivia@example.net,67,Other,FI,2026-07-04,0,2,15
52,psnyder,dianasmith@example.org,25,F,NO,2024-06-22,0,0,757
53,lindadominguez,pwilliams@example.org,28,F,PH,2024-02-11,1,0,889
54,jcontreras,stephanie79@example.net,64,Other,SD,2025-05-11,0,2,434
55,vmerritt,wcole@example.org,50,M,DZ,2024-09-21,1,1,666
56,rsims,sjones@example.org,58,F,IR,2024-12-21,1,0,575
57,patricia12,jessebenson@example.net,27,F,GH,2023-10-26,1,0,997
58,irussell,nperry@example.com,52,Other,MW,2026-01-11,1,2,189
59,gateskathy,wwoods@example.com,56,F,GB,2025-03-15,0,0,491
60,vmedina,tracynelson@example.com,19,M,AT,2025-03-14,0,1,492
61,elizabeth62,ncalhoun@example.net,69,F,AR,2025-03-22,1,0,484
62,millerroy,qwhite@example.com,21,M,LR,2024-06-11,1,1,768
63,wmurphy,aramirez@example.com,23,Other,BR,2025-07-18,0,2,366
64,currybrett,jeffrey10@example.org,70,M,HU,2024-05-23,1,1,787
65,howelljohn,kcaldwell@example.org,26,Other,PT,2026-07-09,0,2,10
66,katie29,stricklandfrank@example.com,53,M,CD,2026-01-02,0,1,198
67,hickmanbarbara,tsanders@example.org,51,Other,BO,2026-01-23,0,2,177
68,curtisbarton,hoganashlee@example.org,31,Other,LY,2025-10-23,1,2,269
69,estanley,alexander67@example.org,63,F,NR,2025-01-31,0,0,534
70,bzimmerman,jessicasheppard@example.com,60,Other,VE,2025-11-01,0,2,260
71,umarshall,marcus31@example.com,46,Unknown,PG,2024-07-31,0,3,718
72,qhudson,frogers@example.com,25,M,EG,2025-08-14,1,1,339
73,michaelgreen,nicole48@example.org,22,F,SI,2024-05-10,1,0,800
74,allenrichard,hannahbrewer@example.com,55,Other,PE,2023-08-14,1,2,1070
75,phillipsrichard,kevinperkins@example.com,55,M,TG,2025-10-20,1,1,272
76,ronald85,jacqueline44@example.com,22,Unknown,HT,2024-01-22,1,3,909
77,leslienewton,jamesrodgers@example.com,32,M,RS,2026-01-19,1,1,181
78,tina34,michaelturner@example.net,39,M,SN,2024-01-31,1,1,900
79,brandon08,heidi27@example.org,35,Other,AL,2025-12-26,0,2,205
80,taylor75,tammyking@example.com,31,Other,CI,2023-10-28,1,2,995
81,kvasquez,hernandezlisa@example.com,64,Other,BS,2024-08-07,0,2,711
82,grantrobert,kimberlyjames@example.com,33,F,KG,2026-01-18,0,0,182
83,ntorres,lynchjody@example.org,30,M,YE,2024-06-10,1,1,769
84,donna23,andreamoore@example.com,60,F,PG,2026-06-23,0,0,26
85,ocarter,jasmine71@example.net,45,F,HT,2024-09-01,0,0,686
86,ronaldstephens,rebekahserrano@example.org,64,M,BH,2024-04-01,1,1,839
87,brooke94,smartinez@example.com,21,F,ME,2025-04-04,0,0,471
88,vincent77,georgepamela@example.net,69,M,LI,2026-02-10,1,1,159
89,anthony39,keyemily@example.com,30,M,TR,2023-09-19,0,1,1034
90,thomaspearson,howard96@example.net,26,F,RW,2023-12-07,1,0,955
91,vbailey,elizabeth25@example.com,35,F,MD,2025-08-26,1,0,327
92,elaine68,gibsonleonard@example.com,22,F,CI,2025-04-06,1,0,469
93,sandovalamy,hbrown@example.com,21,Other,VU,2025-08-31,1,2,322
94,nwolf,andrea47@example.net,23,M,RU,2024-01-23,1,1,908
95,dudleychelsea,jennifercollins@example.org,44,F,TG,2025-04-12,0,0,463
96,walkermaureen,murraydavid@example.org,31,F,SB,2024-10-14,1,0,643
97,robert77,stephenthomas@example.org,28,F,US,2025-09-15,1,0,307
98,michellehill,ymorgan@example.net,42,F,IQ,2023-07-22,0,0,1093
99,jessica99,cgrimes@example.net,36,F,RO,2025-01-05,0,0,560
100,andrea86,mcantu@example.net,27,M,GY,2025-12-23,0,1,208
101,xhall,vwilliams@example.com,31,M,MA,2025-03-02,1,1,504
102,ymcneil,tylerjohnson@example.net,65,F,UA,2024-12-15,1,0,581
103,sawyerscott,jsmith@example.com,21,Other,TD,2024-03-14,0,2,857
104,harrisontanya,cindy61@example.com,50,Other,GQ,2025-10-24,1,2,268
105,ofinley,cbrennan@example.net,21,Other,BJ,2024-07-17,1,2,732
106,wendy16,hodgesjane@example.org,29,M,PA,2024-04-02,1,1,838
107,rebecca05,carternicholas@example.org,61,M,HN,2025-10-21,0,1,271
108,yknight,georgemiller@example.com,25,Other,VN,2026-06-14,1,2,35
109,tyleraguilar,stevenking@example.com,55,Other,TL,2023-08-02,1,2,1082
110,rsantana,charleslandry@example.net,57,M,KG,2026-04-06,0,1,104
111,dvaughn,james67@example.org,60,Other,GW,2025-03-02,0,2,504
112,bailey40,khill@example.net,34,M,CH,2023-10-03,0,1,1020
113,swall,catherinegomez@example.net,33,F,ET,2026-03-09,0,0,132
114,erica21,parkerscott@example.net,26,Other,MM,2024-02-08,0,2,892
115,browningmark,ithompson@example.net,47,F,MM,2025-10-20,1,0,272
116,maria47,julie51@example.com,18,F,BO,2024-02-22,1,0,878
117,michelleramsey,zcoffey@example.net,44,Other,MM,2023-12-06,1,2,956
118,ismith,gibsonemily@example.net,50,F,IN,2026-01-12,1,0,188
119,xcarson,leonardthomas@example.net,40,M,TJ,2024-12-09,1,1,587
120,deborahreid,tblankenship@example.net,41,F,NE,2024-01-16,1,0,915
121,brandonjohnson,pwilson@example.net,46,Other,CR,2025-03-13,0,2,493
122,vwatson,umatthews@example.org,57,Other,NI,2026-05-01,1,2,79
123,basschristina,antonio53@example.com,60,Other,PA,2024-07-19,0,2,730
124,cory58,bruce43@example.org,60,M,PH,2023-12-08,1,1,954
125,darleneharper,williamsmatthew@example.org,34,M,TM,2024-06-01,1,1,778
126,gallegosangela,lisahall@example.org,65,Other,UG,2023-07-23,1,2,1092
127,michele22,lauren10@example.org,35,F,AL,2025-01-25,1,0,540
128,briannasmith,brian68@example.org,63,F,CH,2023-10-25,1,0,998
129,xwest,hayesjeffrey@example.net,61,Other,BD,2026-05-07,0,2,73
130,stephen00,bboone@example.net,50,F,CD,2025-08-18,0,0,335
131,fjones,charlene12@example.com,21,M,VU,2026-03-28,0,1,113
132,oscar98,shawn96@example.org,35,M,ME,2024-01-12,1,1,919
133,russellbeasley,dmorgan@example.com,39,M,NI,2023-12-13,0,1,949
134,ronald45,gloriawells@example.org,28,Other,BS,2023-12-10,0,2,952
135,vdavis,lisa80@example.net,53,Other,TJ,2025-12-07,0,2,224
136,elizabeth65,uparrish@example.org,53,M,JO,2026-02-05,1,1,164
137,michael98,ericolson@example.org,22,Other,MG,2025-11-29,1,2,232
138,danny49,lindsaybruce@example.net,52,M,VE,2026-06-01,0,1,48
139,lynchdiane,anthony44@example.com,55,Other,MG,2023-07-28,1,2,1087
140,mollyknight,vjones@example.net,45,M,AT,2023-12-08,1,1,954
141,nicholaschavez,mitchellgriffith@example.net,37,F,UG,2023-11-27,1,0,965
142,moorekaren,craigjoseph@example.net,40,M,NO,2025-08-11,1,1,342
143,nperry,reeddaniel@example.net,60,Unknown,GD,2026-01-25,0,3,175
144,trose,walkertracey@example.org,67,Other,AF,2024-05-31,0,2,779
145,sierra24,mark07@example.net,57,Other,NR,2024-04-16,1,2,824
146,omarpadilla,charles06@example.org,33,M,PK,2023-11-16,1,1,976
147,barbara96,zroberts@example.org,44,M,LR,2024-04-10,1,1,830
148,xcollier,kimdaniel@example.com,65,F,TZ,2025-04-01,0,0,474
149,fosterkyle,jeffrey21@example.net,69,Other,ZW,2024-01-12,1,2,919
150,rebeccabailey,joelthomas@example.org,35,M,EC,2026-02-08,1,1,161
151,kathleenrios,stephanieburton@example.com,42,M,TW,2025-12-10,0,1,221
152,kmaldonado,michelle52@example.com,32,M,BJ,2025-07-16,0,1,368
153,ywelch,brittany58@example.org,40,F,KR,2025-07-05,1,0,379
154,xjohnson,chase19@example.net,32,M,SD,2025-03-07,1,1,499
155,ycarpenter,colelisa@example.net,43,F,ET,2024-11-29,0,0,597
156,dmason,vgarcia@example.net,22,F,BS,2025-09-09,0,0,313
157,benjaminzimmerman,nwarren@example.org,59,Other,MM,2025-02-17,0,2,517
158,paul59,mccormickdeborah@example.org,61,Unknown,LS,2023-12-12,0,3,950
159,umitchell,mathewaguilar@example.org,19,M,MG,2024-11-11,0,1,615
160,tanderson,collinsnicholas@example.com,29,Other,CN,2026-05-24,0,2,56
161,lucasrodney,andrew42@example.org,20,M,LV,2025-08-12,0,1,341
162,jeremytaylor,phillipskristin@example.net,40,Other,SR,2025-10-13,0,2,279
163,stanleynancy,carlamoore@example.org,45,Other,MD,2026-03-15,1,2,126
164,jenniferwilliams,erica37@example.net,42,Other,JM,2025-06-15,1,2,399
165,amandacollins,mmckee@example.com,34,M,GD,2025-12-21,0,1,210
166,smurray,ashaw@example.org,18,Other,FR,2026-02-12,1,2,157
167,moniquewilliams,jsawyer@example.org,41,F,LC,2025-09-27,1,0,295
168,mitchellkathryn,shannon82@example.com,60,F,BW,2024-06-27,0,0,752
169,bwilkerson,gbrown@example.com,60,M,GW,2025-03-09,0,1,497
170,brooksanthony,combsdebra@example.org,50,F,CU,2023-09-16,0,0,1037
171,samantha72,awest@example.org,38,F,AM,2024-08-19,0,0,699
172,marydunn,srodriguez@example.org,53,M,KI,2024-01-24,1,1,907
173,allendanielle,fbrown@example.net,44,Other,SO,2023-08-13,0,2,1071
174,jennifercarter,mendezjohn@example.com,61,Other,ER,2026-05-16,1,2,64
175,millsmichael,myerstheodore@example.net,57,Other,MW,2025-02-17,0,2,517
176,julie51,john19@example.net,43,Other,TW,2024-12-16,1,2,580
177,bradleypayne,mariacohen@example.net,37,F,QA,2026-03-26,1,0,115
178,lisabrown,mjohnson@example.org,45,Other,FR,2023-09-22,0,2,1031
179,sarah86,wking@example.net,47,F,ET,2024-10-05,0,0,652
180,michelle05,david56@example.com,61,M,CH,2025-06-01,0,1,413
181,lmorgan,xholt@example.net,68,Other,IQ,2023-11-24,1,2,968
182,mmiller,amymorris@example.org,44,M,LR,2026-05-10,0,1,70
183,kirk96,hannahbell@example.org,50,Other,ZA,2025-01-16,0,2,549
184,yhill,jonesdana@example.com,23,M,SG,2026-06-08,0,1,41
185,stephaniethomas,ejohnson@example.org,44,M,KH,2025-02-07,1,1,527
186,patrick90,erikarush@example.com,19,M,PA,2023-11-15,1,1,977
187,alyssasanders,john10@example.net,48,Other,ER,2025-09-01,1,2,321
188,hmcintyre,kimberly73@example.net,47,F,JO,2026-07-01,1,0,18
189,igonzalez,hayesrachel@example.com,63,Other,BT,2026-06-12,0,2,37
190,elizabeth18,patricia22@example.com,49,F,SE,2024-07-01,1,0,748
191,gallowaylaura,kristyjohnson@example.net,27,Other,TO,2025-02-11,1,2,523
192,jlara,cherylmiller@example.com,66,M,MY,2025-07-31,0,1,353
193,khammond,martinezlogan@example.org,32,M,PG,2025-07-11,0,1,373
194,david89,katrinaanderson@example.net,21,Other,BG,2024-01-27,1,2,904
195,kevinmartin,michaeleverett@example.com,25,F,BR,2024-08-11,1,0,707
196,cynthiapierce,colleenmendez@example.org,69,F,SC,2026-04-09,0,0,101
197,brittanycarpenter,donnale@example.net,66,F,LU,2025-12-10,0,0,221
198,bryananthony,frykelli@example.com,53,F,CF,2024-06-10,1,0,769
199,bmontgomery,ismall@example.com,65,F,BA,2024-10-30,0,0,627
200,zsanchez,eevans@example.net,34,M,BH,2024-03-20,0,1,851
201,dperry,matthewthomas@example.net,67,Other,LB,2025-01-05,0,2,560
202,xanderson,floressteven@example.com,58,M,PG,2024-08-07,0,1,711
203,colinroberts,alin@example.org,46,M,DJ,2024-12-08,0,1,588
204,james27,tjimenez@example.com,33,F,AO,2023-12-05,0,0,957
205,pwagner,brandywilliams@example.com,44,Other,SA,2026-02-01,1,2,168
206,amitchell,jordannicole@example.net,44,M,MM,2025-04-05,1,1,470
207,brandon09,michaelroberts@example.com,42,Other,SD,2025-06-17,1,2,397
208,marcia99,andersoncolin@example.com,63,M,LU,2025-12-01,1,1,230
209,kari39,cporter@example.org,44,F,CU,2024-12-17,0,0,579
210,jstone,markaustin@example.org,52,F,MX,2026-03-02,0,0,139
211,brittney88,terickson@example.com,21,M,AM,2025-02-10,0,1,524
212,emily69,laura09@example.com,42,Other,IN,2026-05-02,1,2,78
213,jennifersilva,alexandriagriffith@example.com,66,Other,CY,2026-06-10,0,2,39
214,anthonyvaughan,leescott@example.com,48,M,CZ,2025-04-20,0,1,455
215,roberthampton,vsalas@example.net,44,F,BH,2024-02-18,0,0,882
216,annbolton,ufox@example.org,52,Other,PK,2025-10-24,1,2,268
217,amy49,plee@example.com,49,M,TH,2024-10-24,0,1,633
218,shellyhendrix,janet75@example.com,45,F,MG,2025-12-05,1,0,226
219,keith98,zhuang@example.com,42,F,CY,2024-10-12,0,0,645
220,robertsjennifer,sandra47@example.org,64,M,FR,2025-11-01,0,1,260
221,sarah42,gilbertbrenda@example.org,26,Other,BE,2026-05-24,1,2,56
222,danawilliams,erivera@example.org,43,Other,KZ,2024-02-17,1,2,883
223,oconnelltiffany,richarddonovan@example.com,23,Other,QA,2026-04-24,0,2,86
224,katelynmitchell,debbie19@example.org,26,F,SN,2023-09-14,1,0,1039
225,robertmonroe,osbornrandy@example.com,21,F,ER,2024-10-10,0,0,647
226,smithashley,hebertmatthew@example.com,38,M,BA,2025-11-08,0,1,253
227,ismall,znelson@example.org,38,F,LS,2024-03-27,0,0,844
228,twong,alexisrogers@example.com,35,F,TN,2026-05-31,0,0,49
229,gregorychase,gwilcox@example.com,23,F,BT,2025-04-01,1,0,474
230,lopezdonald,shari04@example.com,65,Other,GW,2025-06-11,1,2,403
231,stephanie49,greenmichael@example.org,40,M,BH,2026-05-21,1,1,59
232,marshallerik,hannah45@example.net,67,Other,GN,2024-06-23,1,2,756
233,timothygibson,robert87@example.net,66,M,TL,2024-06-22,1,1,757
234,erinlarson,foxallison@example.com,30,M,BO,2025-12-11,1,1,220
235,brownamy,ashleyhernandez@example.com,33,M,SK,2025-06-04,0,1,410
236,frazierjennifer,gdavis@example.com,60,M,BG,2025-06-22,1,1,392
237,williambryant,hansenemily@example.com,47,Other,RS,2023-08-21,0,2,1063
238,ascott,bethwilliams@example.com,67,F,ME,2023-10-26,1,0,997
239,michaelcesar,ajohnson@example.org,56,Other,CR,2026-04-10,1,2,100
240,ybrooks,ykane@example.com,67,M,BR,2026-06-13,0,1,36
241,desireebailey,victorialong@example.org,24,Other,ZA,2024-06-28,1,2,751
242,avilatiffany,inunez@example.com,37,Other,SN,2025-02-27,0,2,507
243,johnreed,jacob10@example.net,43,Other,NL,2026-02-28,1,2,141
244,allencarlos,griffinemily@example.org,22,Other,HN,2023-09-25,1,2,1028
245,igonzales,karenparsons@example.org,24,Other,SC,2024-10-10,0,2,647
246,lisadennis,barbara53@example.com,61,Other,CV,2026-05-09,1,2,71
247,roberthill,conniesimmons@example.com,68,Other,BE,2025-01-04,1,2,561
248,ufloyd,trussell@example.com,40,Unknown,ER,2025-10-31,0,3,261
249,oallen,meredith27@example.org,44,F,TJ,2025-04-20,1,0,455
250,igrant,nsanchez@example.com,50,Other,KH,2023-11-18,0,2,974
251,fboone,brettbennett@example.net,18,F,UY,2023-09-18,0,0,1035
252,lopezkathleen,timothybooth@example.com,24,F,KI,2023-08-11,0,0,1073
253,sharonhayden,burgesskaren@example.org,58,F,MC,2026-02-11,1,0,158
254,randyallen,kimberly67@example.net,45,M,CF,2025-01-27,0,1,538
255,jose87,ugarcia@example.com,57,Other,PS,2024-11-27,0,2,599
256,nathangutierrez,joycesmith@example.net,47,F,TV,2026-01-03,0,0,197
257,mphillips,jerry93@example.com,38,M,SY,2026-04-30,1,1,80
258,jonathan77,yjackson@example.com,35,F,DO,2024-02-21,1,0,879
259,iwhite,warrenmary@example.org,66,Unknown,SV,2023-10-02,0,3,1021
260,gutierrezmegan,carloshernandez@example.org,39,M,SD,2025-06-26,0,1,388
261,bruce97,ismith@example.net,38,M,NG,2023-08-06,0,1,1078
262,morenojoshua,andre62@example.org,31,F,BY,2025-10-10,0,0,282
263,johnharvey,lisa46@example.org,39,F,MR,2025-04-09,0,0,466
264,scunningham,kevinclayton@example.org,53,M,TD,2026-04-23,1,1,87
265,davisnicholas,abrown@example.net,23,M,DO,2023-11-24,0,1,968
266,pbruce,ariel18@example.org,49,Other,GT,2024-06-11,1,2,768
267,enelson,rachel90@example.org,62,F,KW,2023-08-12,0,0,1072
268,brendagoodwin,thickman@example.org,46,M,TM,2024-07-26,1,1,723
269,irhodes,patrick21@example.net,36,M,CH,2025-01-06,0,1,559
270,davisjesse,petersonkayla@example.net,62,M,MY,2024-12-07,0,1,589
271,walterskristen,whenry@example.net,60,Other,MT,2025-05-19,0,2,426
272,eringuerrero,bartonkenneth@example.org,48,Other,LC,2023-11-10,0,2,982
273,adamsnorman,jodistewart@example.org,45,Other,BW,2023-07-27,0,2,1088
274,sean41,christopherjordan@example.net,40,Other,TH,2025-09-22,0,2,300
275,fgarcia,angela99@example.com,35,F,MV,2023-08-07,0,0,1077
276,robert18,ashleyjackson@example.com,32,M,DO,2024-02-19,1,1,881
277,kevin72,jacksonjoshua@example.com,38,M,RO,2023-11-15,1,1,977
278,johnathan37,stephentaylor@example.org,30,M,MY,2024-12-16,0,1,580
279,vbrock,pcook@example.net,35,Other,CR,2024-10-27,0,2,630
280,carrie37,gregory65@example.com,24,M,LK,2026-07-02,0,1,17
281,yfaulkner,markramirez@example.com,32,F,MM,2024-01-11,1,0,920
282,brittanygardner,bentonsteven@example.net,37,M,GE,2025-05-30,1,1,415
283,marie16,ttaylor@example.org,35,M,ID,2026-05-07,1,1,73
284,jennifermccormick,colecarla@example.net,53,F,MZ,2025-10-26,1,0,266
285,ystephens,jacqueline89@example.net,58,F,BS,2024-01-04,1,0,927
286,dianekelly,hartdeanna@example.net,18,Other,MZ,2024-12-15,0,2,581
287,grodriguez,jeffrey88@example.net,48,F,FM,2025-12-28,0,0,203
288,seanmyers,michaeljohnson@example.org,44,M,KE,2025-04-25,1,1,450
289,wilsonshelia,michaelcooper@example.org,34,F,SK,2025-08-07,1,0,346
290,thomas77,carlos01@example.org,70,M,LV,2026-04-20,0,1,90
291,byrdfrank,zacharyarnold@example.com,49,M,TJ,2025-05-11,1,1,434
292,zhall,jacobsandoval@example.com,27,M,AT,2026-02-26,0,1,143
293,shannonjordan,bushjamie@example.net,23,M,BI,2025-12-31,1,1,200
294,lloydamanda,mark71@example.com,53,F,SV,2025-08-17,1,0,336
295,candice96,baileymegan@example.net,67,Other,EC,2026-05-30,0,2,50
296,samantha91,lawrenceallen@example.org,46,F,EG,2025-02-17,0,0,517
297,williambarnes,baileyhenderson@example.com,55,F,ZW,2025-10-30,0,0,262
298,angelaburns,jacobwilkinson@example.net,54,Other,BF,2025-01-26,1,2,539
299,washingtonjames,gmaynard@example.net,44,Other,SA,2025-04-14,1,2,461
300,cperry,kjackson@example.org,66,M,PS,2024-06-25,1,1,754
301,antonio38,gary79@example.net,34,Other,SA,2025-11-18,1,2,243
302,armstrongjoseph,amber07@example.net,28,M,GM,2025-05-09,1,1,436
303,fitzgeralddesiree,kennethkidd@example.com,53,M,IN,2025-01-10,1,1,555
304,gonzalesvictoria,jasonrojas@example.net,18,F,MG,2026-02-21,0,0,148
305,imartin,lisatrujillo@example.net,62,Other,MG,2025-10-22,0,2,270
306,candice25,keith48@example.net,36,M,BY,2024-02-14,1,1,886
307,rsellers,jacquelineanderson@example.org,36,Other,LC,2024-11-30,0,2,596
308,kathleenlowe,othomas@example.com,44,F,YE,2025-04-22,1,0,453
309,ohayes,powellkara@example.net,61,M,MN,2025-06-24,0,1,390
310,amurphy,simonstephen@example.net,68,Other,MC,2025-01-25,1,2,540
311,flynnraymond,fsummers@example.com,45,Unknown,LI,2024-10-01,1,3,656
312,amy29,rkramer@example.org,59,M,BD,2023-12-20,0,1,942
313,ksmith,bbryant@example.org,70,M,FM,2024-02-08,1,1,892
314,erik41,john52@example.org,21,M,MY,2026-03-16,0,1,125
315,jessica36,padillaaaron@example.com,56,Other,BO,2024-02-10,0,2,890
316,aprilwallace,dominguezlisa@example.com,46,M,MD,2024-02-09,0,1,891
317,yjones,crosscurtis@example.com,62,F,MN,2024-10-25,0,0,632
318,patrickli,darlenebyrd@example.org,35,Other,SM,2025-12-10,0,2,221
319,bishopfrank,jennifer26@example.net,46,M,LA,2025-06-05,1,1,409
320,christophergarcia,lawrencepatrick@example.com,45,Other,KW,2024-02-21,0,2,879
321,joshuamiller,kimberly04@example.org,56,F,SI,2026-02-15,1,0,154
322,juliephillips,bowerslaura@example.org,44,M,SA,2025-03-09,1,1,497
323,allendanielle,ricetiffany@example.com,66,Other,LB,2024-02-09,0,2,891
324,kvalencia,rdiaz@example.org,54,M,PW,2023-11-09,1,1,983
325,matthewsalexander,billbrown@example.com,48,Other,SD,2024-10-06,0,2,651
326,zhenderson,davidsonamanda@example.org,35,M,IT,2023-11-25,0,1,967
327,christian32,peter14@example.net,44,F,NZ,2024-07-23,1,0,726
328,sanchezsandy,chavezchelsea@example.com,48,F,TL,2026-05-06,0,0,74
329,davidzimmerman,martinstephanie@example.net,44,F,SI,2024-08-24,1,0,694
330,nathanbrady,jessica10@example.com,28,F,NP,2024-09-13,0,0,674
331,bakertheresa,crawfordwilliam@example.org,62,F,SB,2025-12-15,0,0,216
332,michaelscott,shannonemily@example.org,60,F,GT,2025-09-16,1,0,306
333,williamsmichelle,brandoncox@example.org,47,M,EE,2023-09-11,0,1,1042
334,pwalker,umoon@example.com,44,F,BO,2025-12-22,1,0,209
335,david02,lindajarvis@example.com,67,F,BJ,2025-07-10,1,0,374
336,kiara45,tranalan@example.org,60,Other,JP,2025-12-10,0,2,221
337,jodi37,brittany73@example.net,44,M,ST,2024-08-02,1,1,716
338,adamortiz,amberfields@example.net,51,F,AG,2024-12-20,0,0,576
339,blakenicholas,dalton83@example.com,58,F,RW,2023-10-20,1,0,1003
340,jenniferdavis,phyllismeyer@example.net,31,F,MR,2025-06-30,1,0,384
341,carpenterwilliam,kjones@example.org,36,F,NZ,2026-05-13,0,0,67
342,joelgreen,sara65@example.com,25,M,PG,2024-09-13,1,1,674
343,charlesharris,moorefrank@example.com,63,M,KW,2025-04-10,0,1,465
344,herreratami,shannonford@example.org,53,M,BW,2024-03-19,0,1,852
345,margaret90,marymurphy@example.org,23,M,LC,2024-08-07,1,1,711
346,randy04,lori20@example.com,47,M,PG,2025-11-28,1,1,233
347,codygarcia,davidbrown@example.org,49,Other,CO,2024-05-21,0,2,789
348,owatson,aguilarjonathan@example.org,50,Other,AO,2023-10-27,0,2,996
349,rachelramos,christopherboone@example.com,44,F,CM,2023-09-23,0,0,1030
350,kwilliams,zunderwood@example.com,33,F,AT,2025-03-04,1,0,502
351,nthompson,joshuagriffin@example.org,42,M,AU,2026-02-26,1,1,143
352,deborahporter,rbrown@example.com,22,F,CU,2025-04-30,0,0,445
353,dawnrobles,crystalpham@example.org,39,Other,MU,2025-01-26,0,2,539
354,fstephens,roberta85@example.com,70,M,IR,2024-04-23,0,1,817
355,floresjeffery,brian78@example.com,64,F,TV,2024-07-14,0,0,735
356,craigsandoval,amanda03@example.net,27,F,MW,2025-01-20,0,0,545
357,gregorywatkins,robin05@example.net,40,F,TM,2024-02-24,0,0,876
358,marycochran,lweaver@example.com,47,F,AZ,2023-12-06,1,0,956
359,halljeffery,nsmith@example.org,62,M,CO,2024-12-29,0,1,567
360,samantharichard,brian29@example.net,32,F,CV,2024-01-07,1,0,924
361,susan56,rogersmarcus@example.org,38,Other,ES,2025-05-27,0,2,418
362,lbanks,jeffrey92@example.com,63,F,KP,2026-06-22,0,0,27
363,david09,xrosales@example.net,60,Other,AU,2024-04-26,1,2,814
364,samantha93,zunigadonald@example.net,49,M,BO,2024-07-22,1,1,727
365,toni21,sean43@example.org,50,Other,MD,2023-11-01,0,2,991
366,jonathan10,cruzjessica@example.org,24,F,NG,2025-08-22,1,0,331
367,ybell,poolekristina@example.net,51,F,CF,2026-06-20,1,0,29
368,franciscojones,phillipslucas@example.org,64,M,BN,2024-12-30,0,1,566
369,pamelamartin,paynerachael@example.org,59,M,LU,2026-01-26,1,1,174
370,bbush,catherinehamilton@example.org,48,F,BZ,2024-12-14,0,0,582
371,terriortiz,donna43@example.org,57,Other,BE,2025-03-20,0,2,486
372,xhernandez,pattersonkelly@example.net,59,M,YE,2026-02-05,0,1,164
373,bgonzalez,georgecarter@example.org,61,Other,PY,2024-01-14,0,2,917
374,kristen77,christopher86@example.org,44,Other,MN,2025-03-02,0,2,504
375,jacob04,omarshall@example.com,52,M,TM,2023-10-22,1,1,1001
376,karencontreras,barnettlindsey@example.com,33,Other,TW,2026-01-20,0,2,180
377,angelarandall,rsheppard@example.com,32,Other,TO,2024-07-19,1,2,730
378,zevans,shawrachel@example.net,45,M,GD,2026-03-08,1,1,133
379,davidtodd,stacyjackson@example.org,46,M,FI,2024-01-31,0,1,900
380,hendersonvanessa,oharris@example.org,19,M,UG,2024-08-22,0,1,696
381,renee11,jhawkins@example.com,68,M,IS,2025-10-03,0,1,289
382,astark,jrodriguez@example.org,40,F,TN,2026-01-17,0,0,183
383,buckleyanna,floydmikayla@example.com,27,M,NG,2024-09-01,0,1,686
384,kpena,rjohnson@example.com,54,Other,CV,2026-03-05,1,2,136
385,vwilliams,brandonalvarez@example.com,28,M,MR,2023-08-19,1,1,1065
386,lisa44,megan13@example.org,44,F,KG,2025-06-06,1,0,408
387,joseph69,lopezjason@example.com,49,Unknown,SZ,2025-08-09,1,3,344
388,lori82,collinswilliam@example.org,32,F,SL,2025-12-18,0,0,213
389,thompsonnancy,marywright@example.com,47,F,BE,2025-01-28,1,0,537
390,joshuacolon,hreid@example.net,69,F,AT,2024-07-28,0,0,721
391,tracy72,wmatthews@example.com,61,Other,DK,2024-08-23,1,2,695
392,mitchellpaul,melissachan@example.org,22,F,GN,2026-04-19,0,0,91
393,ericaadams,xpalmer@example.net,55,F,AG,2025-07-24,0,0,360
394,deborahburke,walkercharlene@example.com,62,F,LC,2026-04-12,0,0,98
395,rodney65,dking@example.com,37,M,GD,2025-10-04,0,1,288
396,asilva,anna99@example.com,48,M,KG,2026-06-16,1,1,33
397,olsonmatthew,danielle44@example.net,42,Other,LC,2026-04-26,0,2,84
398,jacob83,trujilloleah@example.net,54,F,,2026-05-10,0,0,70
399,erin07,jordan66@example.com,19,Other,LK,2023-09-11,0,2,1042
400,matthewreeves,qknox@example.com,35,M,SD,2024-10-27,1,1,630
401,marywalter,kellyruiz@example.net,56,Other,IL,2025-12-03,0,2,228
402,staceylam,walkerjeffrey@example.com,36,M,NL,2024-12-14,0,1,582
403,jorge47,ruizmichelle@example.net,44,Other,TT,2026-03-09,1,2,132
404,kennedyjames,dillonpatrick@example.com,57,F,NG,2023-10-10,1,0,1013
405,derrickgonzalez,dbenitez@example.org,58,M,KW,2024-04-24,1,1,816
406,freemancrystal,lawrencebrown@example.com,37,F,IS,2024-06-08,1,0,771
407,barbaramoore,andersonryan@example.com,55,F,,2025-05-15,1,0,430
408,creyes,jessicadodson@example.com,44,F,TW,2025-10-20,0,0,272
409,andrewsmith,jeremywiley@example.com,65,F,CO,2023-12-25,1,0,937
410,tgordon,cameronwilliams@example.com,30,M,PH,2025-10-04,0,1,288
411,ryan25,mhoward@example.org,51,Unknown,,2023-08-17,0,3,1067
412,jeffreymercer,jessicalawrence@example.org,28,F,CM,2025-02-07,0,0,527
413,brooksdanielle,wheelerbrandon@example.org,69,F,TD,2023-08-18,0,0,1066
414,norrisrobert,qmartinez@example.com,69,M,ME,2024-03-12,0,1,859
415,heathermccoy,robert18@example.com,22,M,VU,2026-02-13,1,1,156
416,robertroach,campbellkristen@example.com,61,Other,FJ,2026-02-19,0,2,150
417,kimberlydecker,michaelortiz@example.org,69,Other,BB,2025-11-16,0,2,245
418,slozano,arivera@example.org,23,F,SV,2023-12-04,1,0,958
419,conleyelizabeth,stacychan@example.org,34,Unknown,RS,2023-12-23,1,3,939
420,dawn74,steven12@example.org,47,F,JP,2025-01-28,0,0,537
421,ronald11,smithdevon@example.net,55,F,DO,2024-12-10,0,0,586
422,patricia94,watsonmatthew@example.org,24,Other,MZ,2025-03-31,1,2,475
423,ynelson,pmarsh@example.org,48,M,CG,2024-02-09,0,1,891
424,jarvismegan,perrybrittany@example.net,57,M,GD,2025-05-29,1,1,416
425,cherylmaxwell,huffmannichole@example.net,58,F,CO,2025-08-07,0,0,346
426,arodriguez,qwilliams@example.net,59,F,KW,2023-08-07,1,0,1077
427,tiffanysantiago,april91@example.com,26,M,HR,2024-08-08,1,1,710
428,rreed,jhernandez@example.net,37,F,BF,2023-08-06,1,0,1078
429,williamharrison,ebooth@example.com,24,M,LI,2024-07-27,1,1,722
430,tara08,andreagray@example.org,42,F,BR,2025-07-01,0,0,383
431,csolis,gatessergio@example.org,60,Other,SB,2026-04-28,0,2,82
432,garciarobert,petersenlatoya@example.net,55,Other,DZ,2024-11-03,1,2,623
433,diamondbryant,michael03@example.com,44,Other,LS,2025-12-05,1,2,226
434,xmoran,wwilson@example.net,49,Unknown,GN,2023-07-22,0,3,1093
435,michael48,jacqueline02@example.com,35,M,CU,2025-04-14,0,1,461
436,kingjames,conradphilip@example.com,31,F,ET,2024-12-24,0,0,572
437,shermanbrandon,bartonshannon@example.net,33,F,TZ,2025-09-09,1,0,313
438,tamarasmith,tranryan@example.net,61,F,RO,2025-09-15,0,0,307
439,heatherthompson,dalesandoval@example.net,21,F,LI,2025-09-09,0,0,313
440,mbarnes,joshuastuart@example.com,30,M,PG,2024-02-11,0,1,889
441,robertgraves,megan85@example.net,23,Other,LK,2025-11-24,1,2,237
442,jamesweber,glenda22@example.net,59,Other,SR,2026-07-01,1,2,18
443,jennifer58,qaguilar@example.net,21,F,NI,2026-05-31,1,0,49
444,natalie60,johnsondustin@example.net,26,Other,BG,2024-05-24,1,2,786
445,karen24,dwayne04@example.org,22,Other,GB,2025-11-05,1,2,256
446,howardshaun,juliahoffman@example.org,55,M,SE,2026-07-04,1,1,15
447,heather06,ybutler@example.net,39,M,KW,2025-11-22,1,1,239
448,smithjohn,ogreer@example.net,35,M,KN,2026-04-20,1,1,90
449,kari89,kimberlybrandt@example.com,44,F,PE,2024-04-19,1,0,821
450,lopezglenn,bennettroy@example.net,25,Other,IN,2024-02-06,1,2,894
451,brandyscott,steven20@example.org,26,M,LI,2026-01-31,0,1,169
452,ayalacolleen,tracy98@example.com,68,M,BN,2024-11-23,0,1,603
453,susanmeyer,robertherrera@example.org,19,M,MG,2024-06-26,0,1,753
454,elizabethrivera,jeffery98@example.com,21,M,TJ,2026-04-22,0,1,88
455,wilsonmichael,rebeccaaustin@example.net,51,M,HN,2023-09-18,1,1,1035
456,patrick16,amber40@example.net,48,F,MR,2025-09-24,0,0,298
457,stucker,lukemiller@example.org,50,Other,DM,2025-10-31,1,2,261
458,simsjason,michellecoleman@example.org,46,Other,GA,2025-10-31,1,2,261
459,elucas,andrewlove@example.org,57,M,BT,2023-11-09,0,1,983
460,thompsonjohnathan,andrewsjeremy@example.com,47,Unknown,NE,2025-03-12,1,3,494
461,bmccoy,andre18@example.org,21,F,BA,2026-03-05,0,0,136
462,avilabrenda,howardwesley@example.com,45,Other,LA,2024-10-29,1,2,628
463,campbellsara,qfoster@example.org,49,Other,PY,2024-03-17,0,2,854
464,derekmyers,susan24@example.net,22,M,ZA,2026-04-20,0,1,90
465,susan08,davidsmith@example.net,56,M,MX,2025-10-30,1,1,262
466,torreskaitlin,jason82@example.org,26,F,ER,2024-06-25,0,0,754
467,james29,yorksarah@example.net,42,Other,PL,2026-04-15,0,2,95
468,robertscarlos,gonzalezbeverly@example.com,47,Other,MK,2024-02-03,0,2,897
469,craigharvey,louishayes@example.net,24,Other,KM,2024-11-04,1,2,622
470,arianadiaz,susan20@example.com,59,Other,HU,2024-06-27,1,2,752
471,xhill,erinrivera@example.com,45,F,PL,2025-06-09,1,0,405
472,kim78,thompsoncatherine@example.com,44,F,CU,2025-11-01,0,0,260
473,josemercado,lunapatricia@example.net,44,F,ZM,2023-09-05,1,0,1048
474,nhammond,arnoldamy@example.net,38,F,PW,2026-04-29,0,0,81
475,michaelwalker,dennis88@example.org,60,F,MY,2025-02-03,0,0,531
476,batesmelanie,katherinetaylor@example.org,27,Other,EE,2025-12-14,0,2,217
477,jillwebb,billy73@example.org,22,M,IN,2025-02-11,1,1,523
478,bradclark,paul70@example.org,23,F,CF,2024-12-03,1,0,593
479,padillaadrienne,mary49@example.net,65,Other,TN,2024-04-14,0,2,826
480,xvaldez,blacknicholas@example.org,69,M,SI,2025-04-09,1,1,466
481,lisa57,aeaton@example.net,55,Other,CU,2025-06-01,0,2,413
482,jerryrobertson,jason22@example.com,60,M,UY,2024-01-18,0,1,913
483,robertrivera,olsontimothy@example.org,40,Other,UA,2024-03-25,0,2,846
484,cjohnson,ashleymartin@example.net,64,M,SG,2023-09-17,0,1,1036
485,brianscott,zacharysullivan@example.net,56,F,DZ,2023-08-16,0,0,1068
486,stacey37,kdillon@example.org,24,Other,NG,2026-02-06,1,2,163
487,laurahoover,cindydixon@example.org,27,Other,RS,2026-06-18,0,2,31
488,sandra99,hallpaul@example.org,32,M,AM,2024-05-28,0,1,782
489,mserrano,thompsonrachel@example.net,53,F,AZ,2025-10-21,1,0,271
490,davisdonna,princekimberly@example.net,66,F,NR,2025-10-06,1,0,286
491,cwood,zperez@example.com,44,Unknown,MU,2025-01-13,1,3,552
492,colemanjonathan,reneemiller@example.net,56,Other,ST,2025-04-13,0,2,462
493,jacob09,meyernicholas@example.org,19,M,FM,2024-11-20,0,1,606
494,jcox,qpearson@example.com,62,F,SO,2025-05-06,0,0,439
495,cheryl63,jarnold@example.com,40,M,EE,2025-02-13,1,1,521
496,tking,kim62@example.net,27,Other,CL,2024-07-09,0,2,740
497,klogan,lewisrichard@example.com,22,M,SY,2026-02-26,1,1,143
498,martintamara,brockmadeline@example.com,23,Other,US,2025-05-25,1,2,420
499,brownjeffrey,lynchjenny@example.com,42,F,VE,2026-05-03,0,0,77
500,jennifer90,daniellegonzales@example.org,39,M,KM,2025-09-30,0,1,292
501,james98,christinacraig@example.com,37,Other,GY,2026-05-01,0,2,79
502,cantrellchristopher,kimberly56@example.com,67,Other,TZ,2024-05-25,1,2,785
503,mclaughlincasey,dunnjessica@example.net,44,M,TV,2025-01-09,1,1,556
504,sylvia43,shawnpowell@example.org,66,Other,IL,2024-04-15,1,2,825
505,jhunter,gordonmatthew@example.org,61,M,SG,2024-08-22,0,1,696
506,heather69,wcarrillo@example.com,46,Other,PK,2026-06-11,0,2,38
507,bmosley,ewilson@example.com,49,Other,ZW,2024-06-25,0,2,754
508,laurengutierrez,zachary04@example.org,44,F,JO,2023-12-10,1,0,952
509,vnunez,spencergregory@example.com,66,Other,MH,2024-06-22,1,2,757
510,ian37,jimmyallen@example.com,40,F,GA,2024-07-09,1,0,740
511,maryhuff,eric11@example.org,36,Other,GD,2026-05-14,0,2,66
512,waustin,charlesnathan@example.com,51,Unknown,SA,2025-12-27,0,3,204
513,travis84,kwalker@example.org,20,M,BF,2025-10-12,0,1,280
514,imendoza,shawphillip@example.net,56,M,EC,2025-06-28,1,1,386
515,wolfesteve,smithjason@example.net,31,F,BZ,2024-12-05,1,0,591
516,chloe42,joel79@example.com,67,M,MM,2024-04-29,0,1,811
517,acoleman,michael64@example.com,36,F,EG,2025-12-22,1,0,209
518,tiffanyparks,lelinda@example.net,18,F,NR,2025-03-01,0,0,505
519,dustinhaley,thomassmith@example.com,29,Unknown,SB,2024-02-12,0,3,888
520,kristen44,rosshannah@example.org,52,Other,GM,2024-08-17,1,2,701
521,gcombs,qgarner@example.com,50,Other,ML,2025-12-05,0,2,226
522,maurice61,michelle93@example.net,22,F,TR,2026-04-23,1,0,87
523,tiffanymitchell,emily77@example.org,45,M,MU,2026-02-26,0,1,143
524,steven22,robert99@example.com,22,F,BN,2023-11-18,0,0,974
525,matthewedwards,jennifer96@example.com,54,F,PA,2025-02-02,0,0,532
526,lgutierrez,martinezjimmy@example.com,36,M,CH,2026-07-11,0,1,8
527,clarkrandy,brownnatasha@example.net,19,F,BF,2023-08-28,1,0,1056
528,fwarren,bakereric@example.net,69,Other,MW,2024-11-10,0,2,616
529,johnmitchell,davidroberson@example.org,62,F,AU,2026-05-14,1,0,66
530,michelle57,iproctor@example.com,45,M,SY,2025-06-09,1,1,405
531,tarawolfe,brittanybryant@example.net,45,Other,ZW,2025-12-11,0,2,220
532,omills,regina78@example.org,51,M,BT,2025-06-04,0,1,410
533,michael42,alex82@example.com,37,Other,JO,2025-07-16,0,2,368
534,wattstravis,xevans@example.com,32,F,JP,2026-01-31,1,0,169
535,laurakelley,robertcastro@example.com,22,Other,HU,2024-03-28,1,2,843
536,oclayton,christian38@example.net,51,Other,MD,2026-06-16,1,2,33
537,justin84,elopez@example.org,67,F,CR,2024-10-10,0,0,647
538,walshchristine,jackie73@example.com,64,Other,AM,2024-03-11,1,2,860
539,bookerandrew,campbelldavid@example.com,33,M,ZA,2023-07-31,1,1,1084
540,christophersmith,matthewcollins@example.com,34,M,MR,2025-07-08,1,1,376
541,riveramegan,brianrowe@example.org,56,M,ST,2025-07-18,1,1,366
542,jamesskinner,hclayton@example.net,29,Other,HU,2025-03-07,0,2,499
543,cwright,stevenwise@example.net,47,Other,TL,2024-06-06,0,2,773
544,tprice,eric08@example.net,61,Other,CM,2024-08-15,0,2,703
545,mlittle,paige31@example.org,58,F,ZW,2025-05-23,1,0,422
546,alexis49,fosterjohn@example.org,46,M,TT,2026-06-26,0,1,23
547,jbarker,kelli32@example.com,46,Other,BW,2026-06-18,0,2,31
548,sarah00,deanna81@example.org,68,Unknown,RU,2024-07-14,1,3,735
549,tina57,andrewgray@example.net,40,Other,CR,2024-08-11,1,2,707
550,washingtonsamuel,amy73@example.net,37,F,ER,2025-11-09,0,0,252
551,mario74,caseymoore@example.com,20,M,IN,2025-11-06,0,1,255
552,shawn86,nicoleharvey@example.com,36,M,VN,2024-07-23,1,1,726
553,jennifer86,alexandriajimenez@example.net,57,Other,DE,2026-02-25,0,2,144
554,marcus51,millscarl@example.org,47,Other,EE,2023-09-05,1,2,1048
555,daniellee,duncanmary@example.net,46,Other,RW,2025-10-12,1,2,280
556,brandon39,smithsamantha@example.net,38,Other,RW,2023-11-20,0,2,972
557,dowen,angela65@example.net,50,M,BG,2026-03-03,1,1,138
558,allison14,blackburnsusan@example.org,46,M,BZ,2024-07-11,0,1,738
559,hlopez,ashleymeza@example.net,44,M,AE,2025-12-02,1,1,229
560,xreese,emily61@example.org,20,M,EG,2025-11-19,0,1,242
561,qwagner,amandagreene@example.com,46,Other,KW,2025-11-19,1,2,242
562,megan66,charlene98@example.org,41,F,MT,2025-11-19,0,0,242
563,michael77,csmith@example.com,42,F,UG,2023-08-13,0,0,1071
564,victoriaturner,tracey35@example.org,44,Other,FM,2024-09-19,1,2,668
565,clintonstevens,devonrichardson@example.net,68,Other,HU,2024-07-14,0,2,735
566,lisa19,ncarroll@example.net,22,F,BO,2024-12-04,1,0,592
567,sthompson,larsonkevin@example.net,53,Other,TR,2025-03-02,0,2,504
568,deleonsandra,michael66@example.org,36,F,GT,2026-04-28,1,0,82
569,walterscrystal,torresblake@example.net,39,M,TM,2024-03-07,1,1,864
570,wayne32,nunezwendy@example.com,40,F,GB,2026-01-28,0,0,172
571,walkerkeith,vhernandez@example.org,26,Other,PY,2025-12-22,1,2,209
572,kelleyjose,xshaw@example.net,37,Other,CO,2024-02-13,0,2,887
573,fhansen,mpearson@example.net,59,F,VE,2025-10-10,1,0,282
574,johnadams,kmorris@example.org,60,Other,CG,2026-05-27,1,2,53
575,whenderson,malikwheeler@example.org,59,Other,KP,2024-04-06,0,2,834
576,christina79,scottglass@example.org,50,F,FR,2026-06-17,1,0,32
577,eric11,sanchezchristine@example.org,41,F,JO,2023-08-09,1,0,1075
578,heather14,vruiz@example.org,44,F,SZ,2025-10-31,0,0,261
579,jamesmills,ana92@example.net,30,M,MC,2026-05-22,1,1,58
580,bennettrebecca,scottbrian@example.org,27,M,MC,2026-03-04,0,1,137
581,brian01,qguerrero@example.net,68,M,ML,2024-01-02,1,1,929
582,carternicole,yhall@example.net,60,F,KN,2023-12-20,1,0,942
583,todd98,lopezvincent@example.com,56,F,TJ,2023-08-21,1,0,1063
584,wrightalyssa,tracy20@example.com,28,M,LA,2025-01-15,1,1,550
585,colleen38,lisa46@example.org,64,F,TH,2024-09-26,1,0,661
586,edwardprince,christopherreyes@example.net,44,F,VA,2026-03-16,1,0,125
587,robertberry,mwaller@example.com,46,Other,PE,2025-11-07,0,2,254
588,jamietaylor,michelleparker@example.net,66,Other,SL,2024-02-14,0,2,886
589,xforbes,dianacunningham@example.org,32,Other,LB,2023-11-01,1,2,991
590,whitemary,jessicacannon@example.com,44,F,NG,2024-11-01,1,0,625
591,oreese,edwin31@example.org,41,Other,ER,2023-08-28,0,2,1056
592,catherine93,jerryjohnson@example.org,47,F,FM,2025-07-28,0,0,356
593,waynejacobs,jack67@example.com,50,Other,CU,2024-03-29,0,2,842
594,jeremyortiz,schaeferstephanie@example.org,28,M,CH,2026-05-26,1,1,54
595,katherinejones,fcamacho@example.net,34,M,LR,2025-06-28,0,1,386
596,ronaldparsons,zcortez@example.net,41,Other,CH,2025-12-23,1,2,208
597,meyershannon,richjohn@example.net,63,Unknown,MY,2023-09-17,1,3,1036
598,oblack,leescott@example.com,36,M,JO,2025-07-04,1,1,380
599,robertoaustin,vaughnrebecca@example.com,35,F,KH,2025-06-19,1,0,395
600,sharpdaniel,phillipmorris@example.org,45,M,EE,2025-06-22,1,1,392
601,nicoledavis,heather21@example.org,70,F,CI,2025-06-16,0,0,398
602,christopher68,nicholasjames@example.org,19,F,LT,2025-12-13,1,0,218
603,fernandothomas,barneskyle@example.com,43,Other,JO,2026-03-18,0,2,123
604,davidanderson,adamcannon@example.org,33,F,PK,2025-08-30,1,0,323
605,astephens,lyoung@example.net,41,M,PY,2025-06-22,1,1,392
606,mramos,sanchezamy@example.net,38,M,YE,2025-12-01,0,1,230
607,brandonhernandez,benjamin09@example.net,44,M,KG,2024-12-14,1,1,582
608,williamsrobert,evanmitchell@example.net,20,F,MD,2026-07-10,0,0,9
609,tammycurry,sarah14@example.com,62,M,MN,2025-02-26,0,1,508
610,changmegan,carterdennis@example.net,46,Other,IS,2024-12-11,1,2,585
611,swarren,cherylrodriguez@example.net,23,M,ZM,2025-10-17,0,1,275
612,webbhaley,ronald54@example.net,31,M,TR,2026-03-13,0,1,128
613,sara99,ostone@example.com,25,Unknown,SA,2024-04-23,1,3,817
614,jeanettekrause,wilsonsteven@example.org,37,M,LK,2024-06-05,1,1,774
615,vgutierrez,ann30@example.net,33,F,FR,2026-06-24,0,0,25
616,jonathan14,william50@example.org,22,M,LA,2024-12-17,0,1,579
617,randy99,collierjames@example.com,56,Other,GQ,2025-08-01,1,2,352
618,probles,timothyburton@example.net,44,Other,LT,2025-07-06,1,2,378
619,dreilly,annette58@example.net,63,M,AM,2024-06-06,0,1,773
620,lauren51,juanjohnson@example.com,45,M,YE,2025-10-25,0,1,267
621,ashleyprice,hancockkaren@example.net,33,Other,KW,2023-09-06,0,2,1047
622,robert73,shannon43@example.net,29,Other,KI,2024-04-15,1,2,825
623,brooksbenjamin,robinwallace@example.org,51,F,RO,2025-09-02,1,0,320
624,jamesmclean,kimberly21@example.net,51,Other,GD,2024-02-10,1,2,890
625,jennystevens,smithsarah@example.net,42,F,UG,2023-12-01,1,0,961
626,steven01,andrew43@example.com,58,F,FR,2024-05-13,0,0,797
627,joshua57,nelsoneric@example.org,34,Other,AL,2026-03-12,1,2,129
628,clarkmichael,joseph49@example.org,40,M,DO,2023-11-06,0,1,986
629,christina58,bwilliams@example.com,33,Other,GQ,2023-10-05,1,2,1018
630,reyeschristopher,mwhite@example.net,67,Other,ZM,2026-06-25,0,2,24
631,tjensen,lisa81@example.com,26,M,TN,2024-02-08,0,1,892
632,hesssamantha,tdavis@example.net,52,F,BA,2025-07-10,1,0,374
633,ohall,michellejensen@example.com,67,Other,MX,2024-04-28,0,2,812
634,kristina57,ejohnson@example.org,62,F,MG,2025-07-31,1,0,353
635,ssingleton,cassandra28@example.org,69,M,,2024-01-01,1,1,930
636,angela14,amorales@example.org,63,F,VN,2024-07-31,1,0,718
637,terrireyes,jared96@example.com,36,M,TN,2024-12-31,1,1,565
638,gilbertcaldwell,mwilson@example.com,68,M,LR,2025-11-27,1,1,234
639,shortgregory,gjones@example.net,38,F,UG,2025-02-26,0,0,508
640,troy01,lisaclay@example.net,70,Other,AD,2024-03-02,0,2,869
641,shawncarter,rgonzalez@example.com,34,M,KG,2025-12-20,1,1,211
642,samantha65,aguilarcheryl@example.net,36,F,,2024-02-02,1,0,898
643,bryan80,warnerlori@example.com,59,F,CG,2024-09-29,0,0,658
644,youngjacqueline,tgarrett@example.com,25,F,,2025-03-02,0,0,504
645,qgardner,thomaslopez@example.com,43,Other,ML,2025-04-27,0,2,448
646,keithsalas,dennisjones@example.org,42,F,CV,2025-08-13,1,0,340
647,iproctor,taylorlinda@example.com,49,Other,MC,2026-02-11,0,2,158
648,dhanson,carnold@example.com,41,Other,MH,2024-07-03,0,2,746
649,rogersmith,pbradford@example.net,44,Unknown,SC,2024-09-09,0,3,678
650,khouse,arthur09@example.com,23,F,MA,2025-02-10,1,0,524
651,carpentersuzanne,thomasjessica@example.com,52,F,PT,2025-09-29,0,0,293
652,millschelsea,thomasharmon@example.net,24,M,BO,2026-06-15,0,1,34
653,chloe58,harrisonwilliam@example.com,60,F,TO,2024-12-14,0,0,582
654,zgomez,keith09@example.net,46,Other,KI,2025-12-10,0,2,221
655,bryan79,ashleydouglas@example.com,28,Other,LK,2026-03-14,0,2,127
656,mitchellchristopher,yorkjoshua@example.org,40,F,VE,2024-09-27,1,0,660
657,michaela01,reneestevenson@example.net,64,F,PE,2025-02-12,0,0,522
658,josehaynes,hwhite@example.org,35,Other,LV,2023-11-27,1,2,965
659,caitlinunderwood,amullins@example.com,22,Other,GW,2026-05-10,0,2,70
660,kbarber,beckywilkinson@example.org,41,Other,BA,2024-09-01,1,2,686
661,williamssteven,vturner@example.net,19,M,HT,2025-02-27,0,1,507
662,jwells,zsmith@example.com,20,M,MU,2026-06-07,1,1,42
663,suzanne01,stephanie69@example.net,33,Other,IR,2024-12-20,0,2,576
664,joseph14,rmurray@example.net,41,F,GY,2026-05-27,1,0,53
665,aprilbyrd,lawrencesmith@example.org,56,M,BJ,2023-08-06,0,1,1078
666,gdavis,ubell@example.com,41,F,ID,2024-05-13,0,0,797
667,johnsonchristopher,stephanielittle@example.net,66,M,CL,2023-11-30,1,1,962
668,nicholasgallagher,pauladominguez@example.com,51,F,KE,2025-07-13,0,0,371
669,fowlersandra,kayla54@example.org,38,Other,BN,2024-09-21,0,2,666
670,reyesmarvin,scottlisa@example.org,33,M,OM,2023-11-03,1,1,989
671,mkrause,fwhite@example.org,65,M,CV,2025-11-04,0,1,257
672,probinson,gainesjennifer@example.org,51,F,AU,2023-11-09,1,0,983
673,duncanjohn,fsmith@example.org,34,F,TD,2026-04-08,0,0,102
674,fitzpatrickelizabeth,edward56@example.net,31,Other,AD,2025-09-26,0,2,296
675,zmendoza,fernandezaaron@example.net,62,Unknown,RO,2024-01-23,1,3,908
676,mathew46,chensusan@example.org,25,M,MM,2025-10-26,1,1,266
677,christopher74,gregorywilliams@example.com,46,M,HR,2024-05-10,0,1,800
678,heather15,omiller@example.com,23,Other,LK,2024-05-08,0,2,802
679,austinjohnson,tracybrown@example.net,60,F,BA,2024-11-08,1,0,618
680,zferguson,blevy@example.org,53,Other,LU,2023-10-14,0,2,1009
681,kristin06,lewisdesiree@example.net,37,M,PK,2026-06-06,1,1,43
682,joycehall,johnsondonald@example.net,68,F,AM,2025-07-20,1,0,364
683,sanchezdeborah,jacksonbrendan@example.com,25,M,BY,2025-06-26,1,1,388
684,marybrown,wilsonbrooke@example.net,33,F,GN,2023-10-25,1,0,998
685,ronaldcain,rnguyen@example.net,41,Other,ST,2024-02-17,0,2,883
686,mary30,matthewmartinez@example.org,47,Other,TW,2025-04-23,1,2,452
687,heathertran,lsanchez@example.org,57,M,CR,2023-12-21,1,1,941
688,bstrickland,amiller@example.org,37,F,BT,2026-04-26,0,0,84
689,robert72,douglasnelson@example.com,51,F,NG,2024-07-24,0,0,725
690,cheryljohnson,jennifersalazar@example.org,70,Unknown,YE,2024-10-28,1,3,629
691,robert83,davidmoreno@example.org,26,F,VN,2025-01-31,1,0,534
692,stevensims,joshualee@example.org,46,F,LA,2025-07-24,0,0,360
693,qthompson,brownmichael@example.org,26,Other,NZ,2024-08-12,1,2,706
694,christina70,yangsara@example.org,67,M,DJ,2023-09-02,0,1,1051
695,erobertson,jenniferwatkins@example.com,50,M,NL,2024-05-22,1,1,788
696,jerry15,coreyrojas@example.org,51,M,MT,2024-06-25,0,1,754
697,ruiztodd,nthomas@example.com,28,M,EE,2025-03-11,0,1,495
698,derek35,james20@example.net,63,M,TN,2023-10-19,0,1,1004
699,derek77,vjackson@example.org,44,F,KE,2026-02-10,1,0,159
700,kristinelittle,belindatran@example.org,34,M,BT,2025-04-18,0,1,457
701,natkins,rhood@example.org,26,Other,ZA,2025-05-14,0,2,431
702,johnhamilton,patriciavargas@example.org,57,Other,TO,2023-07-26,1,2,1089
703,cbaird,gquinn@example.org,50,Other,NO,2025-10-21,1,2,271
704,zmendoza,chavezjohn@example.net,55,Other,GB,2023-08-07,1,2,1077
705,idodson,kenneth10@example.com,28,Other,SV,2024-11-03,0,2,623
706,jacquelinehodge,braysteven@example.org,54,M,MA,2025-04-08,1,1,467
707,kristywood,apadilla@example.net,23,M,BN,2025-03-07,0,1,499
708,alyssa46,helen98@example.net,59,M,GE,2026-06-16,0,1,33
709,olivermatthew,robertsonrenee@example.com,57,Other,BF,2024-01-07,1,2,924
710,ndiaz,diazgregory@example.net,49,Unknown,MA,2023-10-31,0,3,992
711,devonrogers,banksjo@example.net,59,F,ME,2024-06-08,0,0,771
712,lukehurst,eramirez@example.com,44,Other,LY,2025-06-20,0,2,394
713,hmason,rmckinney@example.net,37,F,JP,2025-06-20,1,0,394
714,lauren13,zmiller@example.org,62,M,JO,2023-11-15,1,1,977
715,martindaniel,tylergolden@example.net,46,F,YE,2023-08-23,0,0,1061
716,robert82,creed@example.net,47,M,KH,2023-08-21,0,1,1063
717,jaime03,robert55@example.com,56,M,UA,2026-05-18,0,1,62
718,kellis,rachelparker@example.com,63,F,GT,2025-08-09,0,0,344
719,tara02,justin29@example.org,43,M,LC,2025-10-27,0,1,265
720,ian22,johnwilliams@example.com,50,Other,TR,2024-01-31,1,2,900
721,lgreen,annajohnson@example.com,38,M,LY,2024-03-04,0,1,867
722,shane28,david06@example.com,25,F,CY,2025-06-29,0,0,385
723,eric88,deborah47@example.com,33,M,TW,2025-12-26,1,1,205
724,laurenchandler,hmorgan@example.net,21,F,QA,2023-09-19,0,0,1034
725,ericawilson,moralesmary@example.com,57,F,MK,2023-12-09,1,0,953
726,brian39,kimberlywang@example.org,44,F,AO,2023-11-25,0,0,967
727,frhodes,ulee@example.net,30,M,UY,2025-09-20,0,1,302
728,kerrmichael,jenniferpatterson@example.com,50,F,MR,2023-08-06,0,0,1078
729,michael47,lewispamela@example.net,37,F,NI,2025-06-05,1,0,409
730,frank66,maryharper@example.org,23,F,GE,2024-11-01,0,0,625
731,hmcneil,carl96@example.org,33,M,AF,2025-04-15,0,1,460
732,robert87,jamescollier@example.com,21,M,TG,2025-08-19,0,1,334
733,carsonkevin,troy73@example.org,49,Unknown,AD,2024-03-14,0,3,857
734,kevin71,robert73@example.org,36,Other,CL,2024-09-21,1,2,666
735,egamble,bianca96@example.com,24,F,YE,2026-06-18,1,0,31
736,hmccann,william90@example.com,34,Other,DK,2026-01-07,0,2,193
737,thomassteven,michaelbrown@example.com,66,F,NL,2026-04-02,0,0,108
738,brandon48,palmerkatie@example.org,20,F,BY,2026-02-03,1,0,166
739,amybrennan,joseph51@example.net,54,Other,TT,2025-01-15,1,2,550
740,alexanderholmes,kimberly65@example.org,41,Other,CA,2024-06-21,0,2,758
741,wesleydecker,butlersabrina@example.org,22,F,CO,2023-08-14,0,0,1070
742,sbailey,don79@example.net,66,Other,LV,2024-04-11,0,2,829
743,anthony13,melissathomas@example.org,70,Other,KP,2024-01-29,1,2,902
744,davidmiller,joneskim@example.com,26,M,BB,2024-05-19,0,1,791
745,johnsondonna,harrisonrebekah@example.org,44,F,BI,2024-10-29,0,0,628
746,websterkimberly,brianagonzalez@example.net,66,M,MG,2023-09-02,1,1,1051
747,thomasjulie,stacy55@example.org,56,Other,SC,2026-02-25,0,2,144
748,williamjones,ricejennifer@example.com,50,M,DO,2025-10-30,1,1,262
749,beltrancorey,samanthayork@example.com,20,M,MM,2026-07-07,0,1,12
750,scottrosario,maryzavala@example.com,69,F,GH,2025-09-24,0,0,298
751,rickjuarez,david18@example.org,27,Other,SA,2025-01-30,1,2,535
752,angela01,tristan64@example.com,38,Other,US,2024-11-14,0,2,612
753,aperez,traci63@example.org,44,F,PY,2026-06-07,0,0,42
754,harry71,qkim@example.net,55,F,BS,2024-01-20,0,0,911
755,ralphneal,figueroapatricia@example.org,63,Other,BI,2025-02-03,0,2,531
756,matthewlarson,bmartinez@example.net,48,M,SB,2024-09-23,0,1,664
757,katelyn65,zestrada@example.com,39,Other,SE,2024-09-24,1,2,663
758,katrinarodriguez,tracy32@example.org,44,Other,BZ,2023-10-09,0,2,1014
759,jimenezanthony,patrickshelton@example.org,68,Other,KI,2026-03-11,1,2,130
760,wolfdonna,msparks@example.com,56,F,HR,2025-08-30,0,0,323
761,iwagner,lisa88@example.org,59,Other,AU,2025-05-17,1,2,428
762,reyesleonard,cramos@example.org,64,M,EE,2025-11-29,0,1,232
763,nicole27,ttaylor@example.com,28,Other,RU,2024-01-04,0,2,927
764,rkeller,kalvarez@example.net,27,Other,BG,2025-03-17,1,2,489
765,troy69,katie45@example.org,20,Other,AT,2026-01-21,1,2,179
766,andersonmichael,hubbardcolleen@example.com,30,M,BY,2025-05-14,0,1,431
767,victoria65,stanleyjohn@example.net,38,F,KR,2026-01-24,1,0,176
768,lozanocameron,danny20@example.net,44,Other,LR,2023-09-15,1,2,1038
769,bbarrett,sadams@example.com,44,Other,TZ,2023-08-22,0,2,1062
770,nicholas65,stokescraig@example.net,65,Other,GA,2024-12-21,1,2,575
771,wshaw,garrett45@example.com,63,M,FR,2025-08-28,1,1,325
772,pittmanamanda,joseph49@example.com,53,F,GR,2026-03-15,0,0,126
773,robbinsbelinda,joshua98@example.com,51,F,NP,2024-06-08,0,0,771
774,laura48,ryan85@example.org,29,F,NI,2025-04-03,0,0,472
775,colleen78,nicoleburton@example.net,52,F,ER,2025-12-31,0,0,200
776,vlewis,oadams@example.net,57,F,VE,2025-05-22,1,0,423
777,boydmichael,johnfrancis@example.com,33,F,NZ,2025-04-16,0,0,459
778,michelle13,sadams@example.net,32,F,DK,2024-08-20,0,0,698
779,richardwilson,anthonyrobles@example.com,63,M,PL,2025-08-11,0,1,342
780,chenderson,eriktaylor@example.com,38,F,IT,2026-05-07,0,0,73
781,dawnwilliams,dcasey@example.org,53,Other,KW,2026-02-07,0,2,162
782,michelle65,sandersmary@example.org,36,M,GW,2024-01-08,0,1,923
783,boydmaria,tyler13@example.net,43,F,CM,2024-11-16,1,0,610
784,marisa63,grobinson@example.org,36,M,GH,2024-09-17,0,1,670
785,lortiz,henrynicholas@example.org,63,M,LB,2025-11-12,0,1,249
786,pwells,natasha25@example.com,46,Other,VC,2025-02-09,0,2,525
787,andrew90,vazquezkristina@example.org,44,F,ID,2025-11-23,1,0,238
788,sparker,rebecca18@example.org,30,Other,PA,2025-03-13,0,2,493
789,browningphillip,kevin34@example.org,53,Other,DK,2025-05-30,0,2,415
790,natasha60,michelle77@example.net,26,M,NG,2024-12-16,1,1,580
791,gmcdowell,hollyhunter@example.com,33,M,NL,2026-02-08,1,1,161
792,shawn00,crystalgibbs@example.org,58,M,AD,2025-04-01,1,1,474
793,courtneyedwards,rodriguezjohn@example.net,24,F,CF,2024-02-06,0,0,894
794,usparks,vmendoza@example.org,63,F,IL,2024-04-13,1,0,827
795,lauren31,zrichardson@example.com,61,M,TO,2024-07-01,1,1,748
796,vaughansandra,rebeccamccann@example.org,53,M,IN,2026-07-12,0,1,7
797,brandonwilliamson,edward52@example.net,59,F,CL,2023-08-09,0,0,1075
798,dayala,twilson@example.org,59,M,ET,2024-09-04,0,1,683
799,julie62,mgates@example.org,38,F,JM,2026-06-04,1,0,45
800,robertortiz,anthonycherry@example.org,67,M,VN,2025-06-18,1,1,396
801,mikesutton,emiller@example.org,44,Other,LI,2026-06-29,1,2,20
802,tmcdaniel,verickson@example.net,29,F,IE,2023-11-09,1,0,983
803,hawkinsbrett,thomasgomez@example.net,20,F,SV,2026-02-02,0,0,167
804,smithwilliam,zturner@example.net,29,Other,MN,2024-02-09,0,2,891
805,carpenterjorge,dconrad@example.org,44,M,BT,2024-11-22,0,1,604
806,hthomas,bradley27@example.com,54,Other,AE,2025-01-29,1,2,536
807,qcampbell,zachary62@example.com,39,F,LK,2025-08-20,0,0,333
808,angelalivingston,jbrown@example.org,59,Other,GT,2024-04-28,0,2,812
809,harrisonfrank,fgraham@example.org,26,Unknown,PA,2025-01-22,0,3,543
810,hellis,daviddavis@example.com,35,M,EG,2024-04-05,1,1,835
811,anna93,foxashley@example.com,39,M,BO,2024-08-04,0,1,714
812,vrhodes,mitchelltina@example.org,59,F,MX,2025-02-18,1,0,516
813,hooderic,stevensjasmine@example.com,18,Other,PH,2026-03-21,0,2,120
814,brooke05,douglasstephanie@example.com,68,F,ES,2025-12-19,1,0,212
815,jasonwilliams,marcus01@example.net,29,Unknown,UY,2025-03-02,0,3,504
816,rossgregory,ndavis@example.org,70,F,MW,2025-04-04,0,0,471
817,deborah21,travis64@example.net,44,F,UY,2024-02-07,1,0,893
818,elizabeth58,tracymcclure@example.com,29,M,IQ,2025-12-09,0,1,222
819,bdavis,christina66@example.org,38,M,BB,2025-09-23,1,1,299
820,teresa32,prose@example.net,34,F,BS,2024-10-12,1,0,645
821,zkim,ievans@example.net,46,F,KG,2024-08-08,0,0,710
822,dphillips,lowerywilliam@example.net,37,Other,NO,2025-04-20,1,2,455
823,marshalljennifer,michael91@example.net,34,Other,AM,2024-01-11,0,2,920
824,lwhite,awilliams@example.net,62,M,KG,2024-11-17,1,1,609
825,ctodd,matthew23@example.org,60,M,BR,2026-02-11,0,1,158
826,monica16,smithdarryl@example.org,37,M,TD,2025-07-29,0,1,355
827,qholt,nturner@example.com,61,Other,FM,2026-05-30,0,2,50
828,fballard,dereklee@example.org,62,M,MC,2024-05-06,0,1,804
829,clarkdeborah,ryangarrett@example.net,41,Other,ET,2023-11-29,1,2,963
830,kayla27,kjohnson@example.org,32,M,SZ,2026-07-14,0,1,5
831,emaynard,heathbrenda@example.org,27,F,KE,2025-12-19,0,0,212
832,awilliams,mccoyjennifer@example.com,44,Other,SA,2026-01-02,0,2,198
833,benjamin67,dhall@example.net,66,Other,AM,2025-05-04,1,2,441
834,angela46,nwilson@example.net,66,M,LY,2025-06-14,1,1,400
835,ssmith,taylorkim@example.net,51,F,GN,2026-01-16,0,0,184
836,sandra72,jennifer66@example.net,22,Other,TD,2025-01-28,1,2,537
837,kmarsh,justincurry@example.net,44,Other,RO,2024-02-04,1,2,896
838,jamesobrien,leonsherry@example.com,54,Other,KI,2024-07-17,1,2,732
839,angelakidd,nicole52@example.org,28,Unknown,SC,2023-09-06,0,3,1047
840,morgandaniel,davidwalker@example.com,25,Other,LV,2025-01-20,1,2,545
841,carrilloangela,melissarusso@example.net,63,Other,SV,2023-12-27,0,2,935
842,housesamuel,westes@example.org,23,Other,CD,2026-02-21,0,2,148
843,colonbobby,jacksondavid@example.org,69,M,ML,2024-03-18,0,1,853
844,jean87,mooremichael@example.org,26,Other,CM,2024-05-27,0,2,783
845,xmontes,sanchezlisa@example.com,47,Other,JO,2025-09-10,1,2,312
846,christopherwatson,qward@example.org,53,F,CZ,2025-10-18,0,0,274
847,icobb,agutierrez@example.com,64,M,SI,2026-06-12,0,1,37
848,sherry72,robbinszachary@example.org,34,M,BS,2024-12-25,1,1,571
849,richard26,longbenjamin@example.net,55,M,CZ,2025-12-27,1,1,204
850,levinetina,robert84@example.net,45,F,CH,2024-11-17,1,0,609
851,alan48,isabellagriffin@example.org,52,M,ST,2026-03-14,1,1,127
852,zterry,trowe@example.org,44,M,AZ,2025-10-30,0,1,262
853,peter28,jason88@example.com,44,M,SK,2024-12-29,1,1,567
854,andrewzamora,john46@example.net,67,Other,CG,2023-10-20,0,2,1003
855,jordan85,williamsdebra@example.org,41,F,PE,2024-10-23,0,0,634
856,chaveztonya,michaelmitchell@example.net,42,F,TO,2026-05-28,1,0,52
857,jenniferstone,danielblack@example.org,61,Other,ML,2025-06-23,1,2,391
858,thomasronald,dmiller@example.com,59,F,CO,2025-07-27,1,0,357
859,seanwood,hchapman@example.com,29,Other,IN,2026-01-11,0,2,189
860,cfields,adennis@example.org,51,M,CV,2025-09-11,1,1,311
861,toddellis,bensonstanley@example.org,18,M,AE,2024-03-18,0,1,853
862,sandra19,xrodriguez@example.net,47,Other,JP,2023-09-19,0,2,1034
863,davidtorres,kevin70@example.org,52,F,CV,2026-01-19,1,0,181
864,twilliams,jason70@example.org,33,F,SY,2025-01-10,0,0,555
865,harrellrobert,ariel56@example.com,27,F,WS,2026-02-13,1,0,156
866,kathleenwagner,qgill@example.com,64,M,CZ,2024-12-05,1,1,591
867,marshelizabeth,zhughes@example.com,69,Other,SR,2023-09-28,0,2,1025
868,pfitzgerald,clinejasmine@example.net,57,M,ZM,2024-11-09,1,1,617
869,schneiderchristopher,bernardaimee@example.com,31,Unknown,SC,2023-08-16,1,3,1068
870,barrettamanda,hilljamie@example.net,56,M,TT,2025-06-08,0,1,406
871,romancatherine,fchapman@example.org,56,Other,LV,2025-05-27,1,2,418
872,robertheath,patrick11@example.org,33,Other,SR,2024-04-05,1,2,835
873,douglas41,kristopherrussell@example.org,43,F,BH,2026-02-27,1,0,142
874,howard04,jgarcia@example.com,52,M,LI,2024-08-22,1,1,696
875,hdavid,harriskaren@example.net,26,Other,GW,2025-08-22,0,2,331
876,ravery,floresangela@example.org,32,Other,RO,2023-09-01,0,2,1052
877,bschultz,angela91@example.org,54,Other,TH,2026-04-26,0,2,84
878,kevinrussell,mathisvincent@example.org,33,F,MR,2025-11-04,1,0,257
879,kimberlymedina,jali@example.com,60,Other,BB,2023-07-20,1,2,1095
880,nwoodward,denise20@example.org,44,F,RO,2024-09-15,0,0,672
881,mary65,brendadixon@example.org,21,Other,DK,2025-10-25,1,2,267
882,turnerrandall,rivasjessica@example.com,58,Other,NR,2024-06-10,0,2,769
883,nicole54,qnelson@example.com,53,F,LV,2024-06-10,1,0,769
884,vhaley,sloandennis@example.org,40,Other,UZ,2025-07-28,0,2,356
885,valenzuelaemily,speters@example.net,68,Other,RW,2025-03-20,0,2,486
886,cobbdebra,ryanpatricia@example.net,62,F,PA,2026-05-28,0,0,52
887,gomezlisa,paul01@example.com,27,F,MN,2024-05-13,0,0,797
888,vsmith,changerin@example.net,29,Other,MK,2024-05-11,0,2,799
889,velasquezcolleen,jimsnyder@example.com,33,M,AZ,2024-09-27,0,1,660
890,tconway,adrianjoyce@example.net,63,M,MY,2024-01-07,0,1,924
891,ashley72,donnaknight@example.net,21,Other,UY,2025-12-12,0,2,219
892,cameronanderson,andersonsarah@example.org,44,Other,SK,2024-09-17,1,2,670
893,melaniejohnson,erin70@example.com,42,M,BA,2026-05-29,0,1,51
894,nashmarcus,rhill@example.net,31,F,PT,2025-08-26,1,0,327
895,zachary03,ramirezrobert@example.com,46,F,KW,2023-07-27,1,0,1088
896,flee,mooneyjeremiah@example.net,52,Other,NO,2023-11-11,1,2,981
897,jamesmurphy,garrettcolin@example.com,21,F,NR,2023-08-25,0,0,1059
898,mary31,vallen@example.org,61,Other,LT,2025-10-03,1,2,289
899,sherryparsons,oduran@example.com,22,M,TT,2024-01-28,1,1,903
900,villegassabrina,sedwards@example.org,48,M,CN,2023-10-23,0,1,1000
901,nbrown,rjones@example.org,37,M,TJ,2023-10-08,1,1,1015
902,melissa61,mhall@example.net,30,Other,VU,2023-08-04,1,2,1080
903,yreyes,nhobbs@example.org,65,F,LU,2026-04-25,1,0,85
904,gibsonmark,danielsmith@example.net,62,Other,BJ,2026-01-25,1,2,175
905,rebeccamartinez,michael79@example.com,43,M,ER,2024-07-30,0,1,719
906,laurabrown,breanna85@example.com,67,F,TV,2025-11-05,0,0,256
907,dylanparker,kelly08@example.net,47,Other,KM,2026-06-06,0,2,43
908,brianhunter,hendersonjames@example.org,37,F,DZ,2024-05-26,0,0,784
909,petersonelizabeth,vgreene@example.net,50,F,TM,2024-12-21,0,0,575
910,robert21,cwalter@example.com,24,Other,GN,2023-07-24,0,2,1091
911,heatherowens,johnnavarro@example.com,66,F,SZ,2025-02-21,1,0,513
912,richardmckenzie,coxcharles@example.org,41,F,TH,2024-01-13,0,0,918
913,kellylee,bradley03@example.org,20,Other,JM,2024-04-14,1,2,826
914,nicolehiggins,melanie32@example.org,65,M,AO,2024-04-17,1,1,823
915,renee02,hpena@example.com,34,Other,GE,2024-11-03,0,2,623
916,zallen,donna89@example.com,36,M,LC,2023-10-28,1,1,995
917,thomassandra,jamesgray@example.com,39,M,LB,2026-02-04,0,1,165
918,prowland,hinesbrenda@example.net,54,M,KE,2024-03-05,0,1,866
919,john42,fclark@example.com,53,Other,HR,2026-02-28,0,2,141
920,jacksonpaul,victor72@example.com,34,F,LC,2025-02-18,0,0,516
921,fbaldwin,zadams@example.net,47,M,TV,2026-04-23,0,1,87
922,clarkpatricia,zroy@example.org,28,M,KP,2025-05-09,0,1,436
923,xduncan,andrea21@example.com,29,Other,PA,2025-10-01,1,2,291
924,jerry07,ronald76@example.com,51,M,MN,2025-08-29,1,1,324
925,joshua02,phall@example.org,70,Other,MK,2023-11-24,1,2,968
926,megan88,hartmansara@example.org,66,M,CL,2023-11-06,0,1,986
927,benjamin35,emilywright@example.net,26,Other,KZ,2024-09-17,1,2,670
928,janicebolton,alan44@example.com,22,Other,,2025-04-09,1,2,466
929,kennedywilliam,michelleperez@example.net,18,M,AE,2024-06-09,0,1,770
930,lhall,dsharp@example.com,41,M,BS,2024-11-16,0,1,610
931,roymcmahon,cclark@example.net,60,F,AT,2025-02-20,1,0,514
932,barbaraanderson,porterdonna@example.com,18,Other,LU,2024-07-03,0,2,746
933,wsimmons,sfarmer@example.net,18,M,KG,2024-12-06,0,1,590
934,bradleyantonio,ericcisneros@example.com,52,F,TN,2026-03-23,1,0,118
935,nbaird,ybrown@example.org,50,Other,PY,2024-01-03,0,2,928
936,ashley74,jacksonemily@example.org,69,M,AU,2026-06-23,1,1,26
937,mjohnson,pruittpaul@example.org,24,Other,HT,2024-10-13,1,2,644
938,gibsonmiguel,jacksonmichele@example.com,33,M,MX,2024-03-18,0,1,853
939,andersonrobert,pricerebecca@example.org,70,F,CO,2024-06-02,0,0,777
940,ryan72,briana87@example.com,68,F,FR,2023-07-30,1,0,1085
941,seansummers,aliciakent@example.com,41,F,PK,2025-07-06,0,0,378
942,mclaughlinkeith,treed@example.com,54,M,MX,2026-02-25,1,1,144
943,robertwhite,qellis@example.org,37,Unknown,MC,2025-12-18,1,3,213
944,longsonya,nicolemoore@example.net,59,Other,SO,2024-10-14,1,2,643
945,wolfejennifer,reginajenkins@example.net,23,F,CM,2025-02-10,0,0,524
946,camposwilliam,robert24@example.org,42,Unknown,SD,2023-09-26,0,3,1027
947,ojohnson,vjames@example.com,21,Other,FI,2025-03-26,1,2,480
948,smithdanny,markgoodman@example.com,62,M,PL,2023-11-02,1,1,990
949,kelleyjohn,rtaylor@example.org,49,F,DO,2023-08-16,0,0,1068
950,thompsondavid,qjackson@example.org,54,M,GD,2024-09-15,1,1,672
951,scottthompson,staffordamanda@example.com,32,M,MC,2023-10-01,0,1,1022
952,myerskyle,georgebrandon@example.com,35,M,FR,2024-08-09,1,1,709
953,regina31,fisherveronica@example.com,61,F,FI,2026-06-09,1,0,40
954,walkernicole,jenniferwilliams@example.net,29,F,CD,2024-12-08,1,0,588
955,anna39,sarahfoster@example.com,44,Other,CL,2024-07-14,1,2,735
956,danielmorris,moralesleslie@example.com,66,Other,GH,2025-06-30,0,2,384
957,cameronbriggs,bradley36@example.com,22,F,US,2025-09-02,1,0,320
958,marquezkylie,johnathandavis@example.com,54,M,ZM,2026-07-04,0,1,15
959,xgregory,martinreid@example.net,61,Other,LB,2026-05-19,0,2,61
960,bjones,oreyes@example.net,42,Other,HT,2025-09-08,1,2,314
961,hallchristina,parkerjoann@example.org,68,Other,VN,2023-11-19,1,2,973
962,taylorvictor,edwardharris@example.org,50,Other,GW,2026-02-02,0,2,167
963,vstevenson,joshuaschneider@example.org,21,M,SK,2025-04-23,0,1,452
964,karen35,john80@example.net,32,M,HU,2026-06-20,0,1,29
965,cathyjames,isaiah01@example.com,56,Other,BJ,2024-05-12,0,2,798
966,waltersdonald,davidthompson@example.net,44,F,GA,2024-07-20,1,0,729
967,simmonsstuart,jennifersanchez@example.org,58,F,UZ,2024-08-08,0,0,710
968,justin73,michelle71@example.com,49,M,MY,2025-02-24,0,1,510
969,thomashenderson,ywolf@example.com,53,F,AO,2025-03-02,0,0,504
970,wdickerson,brooke28@example.net,29,Other,EC,2024-08-21,0,2,697
971,dford,nicholas97@example.org,44,Other,LT,2024-02-16,0,2,884
972,mgonzalez,smithvincent@example.net,69,M,MR,2025-08-20,1,1,333
973,zfrost,patrick49@example.org,23,F,NE,2023-09-17,1,0,1036
974,cruzariel,kathrynkrueger@example.net,42,Other,MG,2025-09-17,1,2,305
975,xreid,curtissara@example.net,65,F,HU,2024-07-29,0,0,720
976,xjohnson,terrydeanna@example.com,44,M,UY,2025-06-25,1,1,389
977,jonathanguzman,alexanderwise@example.net,18,F,LC,2025-03-07,0,0,499
978,fmccarthy,nancymartin@example.com,41,F,ID,2026-06-27,1,0,22
979,vincent86,jessica11@example.net,26,M,TO,2025-01-03,1,1,562
980,josephclark,ahale@example.org,45,F,RW,2023-07-21,0,0,1094
981,jonesheather,upena@example.com,24,M,DO,2024-04-18,1,1,822
982,jacob23,hwhite@example.com,40,Other,TN,2024-06-13,1,2,766
983,jamesbrady,jordanbarrera@example.com,56,Other,OM,2026-03-18,0,2,123
984,oneillgabriel,christopher14@example.org,42,M,LV,2023-09-03,0,1,1050
985,timothychambers,smithjoseph@example.org,44,F,TL,2026-01-08,1,0,192
986,davisalexa,bennettabigail@example.com,64,Other,RU,2025-07-23,1,2,361
987,cassandra55,yvonne35@example.net,54,Other,MZ,2025-02-25,1,2,509
988,hestermorgan,smithmonica@example.com,44,F,RS,2024-02-19,1,0,881
989,guzmanmisty,stephanie35@example.com,26,F,VN,2026-06-18,0,0,31
990,qrobertson,aaronlittle@example.com,35,F,AM,2026-03-29,1,0,112
991,morgan57,catherineross@example.net,44,M,BR,2025-01-10,0,1,555
992,ecrosby,navarrokelly@example.org,44,F,LC,2024-02-26,0,0,874
993,andersonlaura,marisa87@example.org,48,M,PE,2024-01-14,0,1,917
994,pbates,jasonmullins@example.net,34,M,ME,2023-12-04,0,1,958
995,grahamjennifer,sarahnguyen@example.com,56,Other,IT,2024-06-25,1,2,754
996,elizabeth12,sdavis@example.com,47,M,GR,2025-12-29,1,1,202
997,schneidernicholas,yvaldez@example.net,37,M,NZ,2024-07-15,0,1,734
998,jonathoncarter,davisjoy@example.org,39,Other,CH,2024-01-15,0,2,916
999,david56,collinsbrittany@example.org,69,F,MW,2025-05-07,0,0,438
1000,kelsey28,danielsmith@example.com,39,F,KW,2024-02-28,1,0,872
