product_id,total_ratings,avg_user_rating,rating_variance,total_purchases,total_revenue,total_views,price,category_encoded,in_stock,price_normalized,view_to_purchase_ratio,popularity_score
1,38,2.921052631578948,2.236842105263158,7,348.0,44,23.2,9,1,0.0357888337217549,0.1555555555555555,14.332
2,37,3.054054054054054,2.441441441441442,13,12889.89,44,330.51,3,0,0.6585672307224643,0.2888888888888888,16.432000000000002
3,39,3.3846153846153846,1.663967611336032,13,2412.48,45,57.44,1,1,0.105177829567332,0.2826086956521739,17.035
4,42,3.3095238095238093,2.3164924506387923,19,12711.04,48,198.61,0,1,0.391265579086027,0.3877551020408163,20.344
5,38,3.026315789473684,2.296586059743955,26,18541.72,41,243.97,1,1,0.4831897861992096,0.6190476190476191,21.923
6,38,2.8421052631578947,2.40682788051209,15,5738.04,52,159.39,2,0,0.311784375316648,0.2830188679245283,17.555999999999997
7,44,3.0454545454545454,2.463002114164905,17,2452.7200000000003,42,53.32,1,1,0.0968284527307731,0.3953488372093023,20.126
8,31,3.0,1.6666666666666667,19,1735.68,35,27.12,3,1,0.0437329010031411,0.5277777777777778,17.005
9,41,2.804878048780488,2.0609756097560985,15,23265.5,33,465.31,3,1,0.9317458709089068,0.4411764705882353,18.399
10,45,2.977777777777778,1.9313131313131315,18,7091.28,57,168.84,5,1,0.3309352517985611,0.3103448275862069,20.871
11,39,2.8205128205128207,2.361673414304993,16,4863.0,33,97.26,9,1,0.1858749620022292,0.4705882352941176,18.199
12,39,3.1538461538461537,1.6599190283400806,18,12059.62,43,227.54,6,1,0.4498936062417671,0.4090909090909091,19.029
13,39,2.8974358974358974,1.8839406207827256,16,20002.2,36,377.4,7,1,0.7535920559327186,0.4324324324324324,18.208
14,36,2.9166666666666665,2.7642857142857142,18,8559.22,38,186.07,5,1,0.3658526699766947,0.4615384615384615,18.114
15,41,3.2195121951219514,2.575609756097561,20,26572.15,38,483.13,0,0,0.9678589522748,0.5128205128205128,20.414
16,27,3.0,2.384615384615384,12,5139.38,48,177.22,6,1,0.3479177221602999,0.2448979591836734,13.044
17,41,3.1219512195121952,2.259756097560976,21,3474.3,38,46.95,6,1,0.0839193433985206,0.5384615384615384,20.814
18,40,3.35,2.335897435897436,19,5067.33,34,95.61,8,0,0.1825311581720539,0.5428571428571428,19.702
19,31,3.3870967741935485,2.178494623655914,15,3662.0,46,73.24,9,0,0.1371972844259803,0.3191489361702128,15.438
20,32,3.0,2.516129032258065,18,15382.4,34,279.68,5,1,0.5555578072753066,0.5142857142857142,16.902
21,35,3.0,2.235294117647058,16,16826.94,52,311.61,1,0,0.6202654777586382,0.3018867924528302,17.055999999999997
22,43,2.86046511627907,1.932447397563677,19,21652.09,34,408.53,2,0,0.8166784881953592,0.5428571428571428,20.602
23,38,2.6842105263157894,1.6273115220483645,24,15594.76,43,210.74,9,1,0.415847603607255,0.5454545454545454,21.129
24,34,2.8823529411764706,2.106951871657753,21,1500.72,38,20.28,3,1,0.0298713142162326,0.5384615384615384,18.714
25,39,2.7948717948717947,2.4304993252361675,17,14098.24,41,271.12,8,0,0.5382105583139123,0.4047619047619047,18.623
26,35,2.942857142857143,1.996638655462185,15,2685.76,34,61.04,5,1,0.1124734015604417,0.4285714285714285,16.602
27,35,2.8857142857142857,2.515966386554622,17,21728.4,52,381.2,5,0,0.7612929374810011,0.320754716981132,17.456
28,44,3.0454545454545454,2.1839323467230445,26,11884.86,36,152.37,3,1,0.2975580099300841,0.7027027027027027,23.708
29,41,3.1463414634146343,2.1780487804878046,25,16453.16,35,222.34,1,1,0.4393555578072753,0.6944444444444444,22.405
30,30,3.033333333333333,2.0333333333333337,16,17680.02,50,431.22,6,1,0.8626608572297092,0.3137254901960784,15.55
31,32,3.0,1.806451612903225,11,15740.0,29,393.5,6,1,0.786219475124126,0.3666666666666666,14.087
32,35,3.2,1.5176470588235291,18,13820.24,42,300.44,5,1,0.5976289391022394,0.4186046511627907,17.826
33,41,3.1219512195121952,1.959756097560976,13,17151.84,39,476.44,6,1,0.9543013476542708,0.325,17.617
34,35,3.0,1.647058823529412,11,20843.76,45,496.28,9,1,0.994508055527409,0.2391304347826087,15.035
35,34,3.235294117647059,2.0641711229946527,18,22142.68,40,357.14,7,0,0.7125341979937176,0.4390243902439024,17.52
36,45,3.111111111111111,1.9191919191919191,11,12085.52,40,318.04,2,0,0.6332961799574426,0.2682926829268293,18.02
37,39,3.41025641025641,2.0904183535762484,12,5927.89,40,204.41,3,0,0.4030195561860371,0.2926829268292683,16.62
38,44,2.863636363636364,1.9809725158562368,21,17291.13,47,293.07,0,0,0.582693281994123,0.4375,21.741
39,45,3.1777777777777776,1.4676767676767677,9,9572.64,29,398.86,1,1,0.7970817712027561,0.3,17.187
40,36,3.1944444444444446,1.818253968253968,9,5439.06,32,164.82,0,1,0.3227885297395886,0.2727272727272727,14.496
41,31,2.7419354838709675,1.9311827956989251,18,18970.08,49,395.21,6,1,0.7896848718208531,0.36,16.647
42,33,2.909090909090909,1.7727272727272727,13,522.4,38,13.06,3,0,0.0152396392744958,0.3333333333333333,15.214000000000002
43,38,2.789473684210526,2.549075391180654,16,23310.12,37,495.96,0,1,0.9938595602391326,0.4210526315789473,17.911
44,42,3.3095238095238093,1.3896631823461094,14,2457.6,30,51.2,2,1,0.0925321714459418,0.4516129032258064,18.29
45,39,2.743589743589744,1.774628879892038,14,8449.98,49,201.19,2,0,0.3964940723477556,0.28,17.447
46,41,3.1219512195121952,2.209756097560975,22,404.42,45,5.54,3,1,0.0,0.4782608695652174,21.235000000000003
47,47,3.0851063829787235,1.9056429232192416,15,499.2,33,9.6,5,0,0.008227783970007,0.4411764705882353,20.199
48,52,2.980769230769231,1.9407993966817496,17,1722.5800000000002,39,40.06,2,1,0.0699564292228189,0.425,22.517
49,44,3.2045454545454546,2.492071881606765,15,16320.33,37,441.09,1,1,0.882662883777485,0.3947368421052631,19.311
50,37,2.918918918918919,1.7987987987987992,16,10217.88,49,283.83,3,0,0.5639679805451413,0.32,17.647
51,34,2.735294117647059,1.958110516934046,13,9792.9,44,315.9,1,0,0.6289593677170939,0.2888888888888888,15.531999999999998
52,43,3.0930232558139537,1.8959025470653383,21,26479.79,40,448.81,7,0,0.8983078326071537,0.5121951219512195,21.42
53,47,3.276595744680851,1.856614246068455,13,7069.92,55,160.68,1,1,0.3143986219475124,0.2321428571428571,19.465
54,38,3.1578947368421053,2.082503556187767,17,16636.95,43,302.49,7,1,0.6017833620427602,0.3863636363636363,18.329000000000004
55,36,3.1666666666666665,1.8571428571428568,18,14109.66,53,261.29,8,1,0.518289593677171,0.3333333333333333,18.159
56,41,2.731707317073171,2.401219512195122,14,9998.8,46,249.97,4,1,0.4953490728543925,0.2978723404255319,18.038
57,37,2.702702702702702,1.8813813813813816,17,27143.05,55,493.51,5,0,0.9888945181882663,0.3035714285714285,18.065
58,39,2.8205128205128207,1.887989203778677,8,5018.76,44,185.88,6,1,0.3654676258992805,0.1777777777777777,15.031999999999998
59,41,3.097560975609756,2.340243902439025,18,2113.65,35,38.43,4,1,0.0666531563481609,0.5,19.605
60,48,2.895833333333333,2.5633865248226946,15,6459.64,44,146.81,9,0,0.2862904042962813,0.3333333333333333,20.532
61,38,3.5,2.1486486486486487,17,14815.22,52,322.07,9,1,0.6414631674941736,0.320754716981132,18.356
62,41,3.1707317073170733,1.945121951219512,19,2558.96,35,44.12,3,1,0.078184213192826,0.5277777777777778,20.005
63,43,2.813953488372093,1.6312292358803986,21,25199.42,44,318.98,9,1,0.6352011348667546,0.4666666666666667,21.432
64,29,3.0689655172413794,1.9236453201970445,17,1380.06,50,33.66,9,1,0.0569865234572904,0.3333333333333333,15.65
65,48,2.9791666666666665,2.4463652482269502,13,15318.5,47,306.37,0,1,0.6096463674131117,0.2708333333333333,19.741
66,33,3.1515151515151514,2.0075757575757573,13,15146.32,37,352.24,4,1,0.702604113891985,0.3421052631578947,15.211000000000002
67,34,3.323529411764706,1.7406417112299464,9,2306.22,44,67.83,2,1,0.1262336609585571,0.2,13.932
68,47,2.7872340425531914,1.9537465309898243,13,20226.0,53,404.52,4,1,0.8085520316141452,0.2407407407407407,19.459
69,29,2.862068965517241,2.123152709359605,12,8018.88,31,250.59,6,0,0.4966055324754281,0.375,13.593
70,40,2.95,2.151282051282051,6,2992.16,33,187.01,6,1,0.3677576248860066,0.1764705882352941,14.499
71,43,2.7209302325581395,1.4916943521594683,23,426.36,42,6.27,7,1,0.0014793798763805,0.5348837209302325,22.226000000000003
72,54,2.7222222222222223,2.2798742138364774,11,7036.46,46,185.17,4,1,0.3640287769784172,0.2340425531914893,20.738000000000003
73,42,3.2857142857142856,1.770034843205576,14,4645.6,39,116.14,5,1,0.224136184010538,0.35,18.317
74,42,3.333333333333333,2.227642276422765,17,10235.16,49,189.54,3,1,0.3728847907589421,0.34,19.547
75,43,2.7674418604651163,1.3255813953488371,11,13251.6,36,490.8,7,0,0.9834025737156754,0.2972972972972973,17.408
76,43,2.813953488372093,1.631229235880399,14,6179.37,42,167.01,8,1,0.3272266693687303,0.3255813953488372,18.626
77,34,2.9705882352941178,1.8475935828877008,22,16192.56,51,284.08,7,0,0.5644746174891073,0.4230769230769231,19.153
78,34,3.117647058823529,2.046345811051693,13,15554.24,34,486.07,1,1,0.9738170027358396,0.3714285714285714,15.502
79,36,3.0277777777777777,1.7992063492063493,14,18661.6,40,466.54,2,1,0.9342385246732192,0.3414634146341463,16.52
80,34,2.8529411764705883,1.8868092691622105,12,217.36,45,5.72,4,1,0.0003647785996554,0.2608695652173913,15.135
81,42,3.1904761904761907,1.914053426248549,18,28515.12,42,491.64,7,1,0.9851048738474008,0.4186046511627907,19.926
82,38,2.6578947368421053,2.177098150782361,13,828.63,46,26.73,8,0,0.0429425473705542,0.2765957446808511,16.738000000000003
83,36,3.138888888888889,2.1230158730158726,22,36555.0,33,487.4,1,1,0.9765123112777384,0.6470588235294118,19.699
84,36,3.0,1.485714285714286,18,13707.54,35,297.99,9,1,0.592663897051373,0.5,18.105
85,39,3.025641025641025,1.5519568151147098,11,14064.6,41,426.2,8,1,0.8524875873948728,0.2619047619047619,16.223000000000003
86,45,2.888888888888889,1.6464646464646462,14,5724.42,38,139.62,1,1,0.2717195257878204,0.358974358974359,19.214
87,36,2.6944444444444446,1.818253968253968,18,3604.92,41,81.93,6,1,0.1548079845982369,0.4285714285714285,18.123
88,53,2.849056603773585,1.8229317851959363,26,20811.56,52,270.28,9,0,0.5365082581821866,0.490566037735849,26.456
89,39,3.128205128205128,1.8515519568151144,18,7353.72,47,136.18,8,1,0.2647482014388489,0.375,19.041
90,41,2.902439024390244,1.8902439024390247,25,7800.8,35,111.44,6,1,0.2146114094639781,0.6944444444444444,22.405
91,34,3.176470588235294,1.967914438502674,21,14884.36,36,201.14,7,1,0.3963927449589624,0.5675675675675675,18.708
92,29,3.3448275862068964,2.16256157635468,22,35721.75,55,476.29,2,1,0.9539973654878914,0.3928571428571428,17.665
93,48,3.4166666666666665,1.7375886524822697,18,3160.08,40,55.44,3,1,0.1011247340156044,0.4390243902439024,21.72
94,40,2.8,1.907692307692308,14,3136.5,32,69.7,4,1,0.1300233052994224,0.4242424242424242,17.696
95,38,2.473684210526316,1.5533428165007117,11,4792.32,37,133.12,6,1,0.2585469652447056,0.2894736842105263,15.911
96,34,3.2058823529411766,2.047237076648841,19,23119.2,44,405.6,7,1,0.8107407032120783,0.4222222222222222,17.932000000000002
97,47,3.1702127659574466,2.1443108233117485,19,1232.87,45,30.07,4,0,0.0497112169419394,0.4130434782608695,21.835
98,39,2.923076923076923,2.072874493927125,24,13805.95,29,194.45,0,1,0.3828351403384334,0.8,21.387
99,35,3.3714285714285714,2.0050420168067227,9,3444.72,32,143.53,2,1,0.2796433275914479,0.2727272727272727,14.196
100,39,2.871794871794872,1.746288798920378,17,8775.48,55,208.94,8,1,0.4121998176107002,0.3035714285714285,18.665
101,31,2.903225806451613,2.023655913978495,17,3573.57,38,72.93,8,1,0.1365690546154625,0.4358974358974359,16.214000000000002
102,34,3.176470588235294,1.967914438502674,18,25232.25,43,494.75,5,0,0.9914074374303372,0.4090909090909091,17.529
103,36,3.055555555555556,2.339682539682539,20,8765.0,35,175.3,5,0,0.3440267504306414,0.5555555555555556,18.905
104,39,2.923076923076923,2.4939271255060738,19,984.5,48,17.9,8,1,0.0250481305096767,0.3877551020408163,19.444
105,33,2.8181818181818183,2.4659090909090917,20,14421.78,40,267.07,4,1,0.5300030398216637,0.4878048780487805,18.02
106,39,3.3846153846153846,2.08502024291498,11,13206.0,35,330.15,3,1,0.6578376735231533,0.3055555555555556,16.205000000000002
107,39,3.641025641025641,1.4993252361673413,14,7044.57,43,180.63,6,1,0.3548282500759955,0.3181818181818182,17.429000000000002
108,28,3.071428571428572,1.8465608465608463,11,5521.94,42,162.41,7,1,0.3179045495997568,0.2558139534883721,12.926
109,24,2.625,2.331521739130435,15,12779.55,38,283.99,1,0,0.5642922281892796,0.3846153846153846,13.314
110,36,3.111111111111111,2.158730158730158,28,6800.6,31,91.9,5,1,0.1750126659235991,0.875,22.093
111,23,2.739130434782609,2.019762845849802,13,609.26,40,14.86,6,1,0.0188874252710507,0.3170731707317073,12.22
112,39,3.1794871794871797,2.045883940620783,15,18713.76,37,359.88,2,1,0.7180869388995845,0.3947368421052631,17.811
113,40,2.75,1.884615384615385,10,9451.84,42,295.37,4,1,0.5873543418786098,0.2325581395348837,16.126
114,36,3.2777777777777777,2.2634920634920626,28,31130.0,39,353.75,3,1,0.7056642010335393,0.7,22.117
115,45,2.511111111111111,1.982828282828284,15,6258.22,42,164.69,1,0,0.3225250785287263,0.3488372093023256,19.626
116,40,2.8,2.0615384615384618,18,14912.52,36,355.06,1,1,0.708318978619921,0.4864864864864865,19.308
117,42,3.071428571428572,2.06794425087108,12,6922.8,34,192.3,6,1,0.3784780626203263,0.3428571428571428,17.502
118,32,3.03125,1.837701612903225,8,13764.85,46,474.65,2,1,0.9506738271354748,0.1702127659574468,12.938
119,35,3.085714285714286,1.6689075630252106,15,6825.84,41,162.52,2,1,0.3181274698551019,0.3571428571428571,16.623
120,47,3.042553191489361,1.9111933395004623,17,10304.73,45,168.93,0,1,0.3311176410983889,0.3695652173913043,21.035
121,39,3.128205128205128,1.9041835357624832,17,19350.84,33,411.72,2,0,0.8231431756003649,0.5,18.599
122,44,2.909090909090909,2.13107822410148,16,4569.18,30,108.79,4,1,0.209241057857939,0.5161290322580645,19.69
123,46,3.152173913043478,2.354106280193237,15,1153.2,30,28.83,3,1,0.0471982976998682,0.4838709677419355,19.89
124,41,3.1463414634146343,2.278048780487804,18,20308.08,31,441.48,9,1,0.883453237410072,0.5625,19.593
125,38,3.289473684210526,1.9950213371266008,13,11780.28,32,327.23,0,0,0.651920154017631,0.3939393939393939,16.696
126,36,3.055555555555556,2.3968253968253976,17,8001.94,47,150.98,3,1,0.2947411085216334,0.3541666666666667,17.741
127,44,2.7954545454545454,2.213002114164905,14,17781.2,32,444.53,1,1,0.8896342081264565,0.4242424242424242,18.896
128,38,3.236842105263158,1.5369843527738265,14,18722.98,46,492.71,1,0,0.9872732799675752,0.2978723404255319,17.138
129,38,3.131578947368421,2.549786628733998,14,18708.06,45,445.43,2,1,0.891458101124734,0.3043478260869565,17.135
130,40,3.625,1.6249999999999996,18,13285.76,28,207.59,7,1,0.409463978113284,0.6206896551724138,19.284
131,46,2.8260869565217392,1.7468599033816423,14,5271.37,49,122.59,8,0,0.2372074171648596,0.28,19.547
132,31,2.548387096774193,1.6559139784946235,15,8629.67,47,183.61,2,0,0.3608673624480697,0.3125,15.441
133,31,3.225806451612903,2.7139784946236563,18,904.74,44,17.74,7,1,0.0247238828655385,0.4,16.632
134,28,3.0,1.9259259259259265,13,5674.68,42,157.63,0,1,0.3082176512311277,0.3023255813953488,13.726
135,39,2.8974358974358974,1.8839406207827256,9,4723.92,43,196.83,3,1,0.3876583240449894,0.2045454545454545,15.428999999999998
136,40,2.875,2.1634615384615388,23,1598.31,32,27.09,2,1,0.0436721045698652,0.696969696969697,21.296000000000003
137,37,2.918918918918919,2.576576576576576,20,1739.99,46,35.51,8,1,0.0607356368426385,0.425531914893617,19.238000000000003
138,45,3.2444444444444445,2.052525252525253,16,11335.68,44,209.92,1,1,0.4141858344310467,0.3555555555555555,20.032
139,44,3.0454545454545454,2.416490486257928,19,11884.32,30,212.22,9,1,0.4188468943155334,0.6129032258064516,20.89
140,48,3.0416666666666665,2.083333333333334,16,1630.96,42,44.08,0,1,0.0781031512817914,0.3720930232558139,20.926
141,34,2.9705882352941178,2.332442067736185,13,3442.04,42,90.58,3,1,0.1723376228594589,0.3023255813953488,15.525999999999998
142,45,3.2,2.163636363636364,20,14161.62,50,214.57,2,1,0.4236092815888134,0.392156862745098,21.65
143,34,2.794117647058824,1.9866310160427811,21,9020.2,36,132.65,2,1,0.2575944877900497,0.5675675675675675,18.708
144,38,3.236842105263158,1.861308677098151,21,12706.47,45,201.69,9,0,0.3975073462356875,0.4565217391304347,19.935
145,33,2.9696969696969697,2.03030303030303,8,7692.1,36,295.85,4,0,0.5883270848110245,0.2162162162162162,13.208000000000002
146,45,3.2444444444444445,2.097979797979798,12,11418.4,42,285.46,2,1,0.5672712534197993,0.2790697674418604,18.426
147,42,2.952380952380953,2.24157955865273,17,22060.64,36,393.94,6,0,0.7871111561455061,0.4594594594594595,19.508
148,34,2.8529411764705883,2.3110516934046346,17,19088.96,34,329.12,8,1,0.6557503293140136,0.4857142857142857,17.102
149,36,2.5277777777777777,1.456349206349207,16,8996.68,42,204.47,2,1,0.4031411490525889,0.3720930232558139,17.326
150,38,2.5526315789473686,1.767425320056899,18,16299.6,43,346.8,9,1,0.6915796939912858,0.4090909090909091,18.729000000000003
151,33,2.757575757575758,2.314393939393939,17,8612.0,45,172.24,1,1,0.3378255142364981,0.3695652173913043,16.835000000000004
152,36,2.805555555555556,1.7039682539682544,12,18482.82,38,486.39,0,0,0.974465498024116,0.3076923076923077,15.714
153,37,3.27027027027027,2.147147147147147,19,17922.239999999998,38,365.76,1,1,0.7300030398216638,0.4871794871794871,18.814
154,43,3.4186046511627906,2.106312292358804,16,23771.8,43,457.15,0,1,0.9152092410578578,0.3636363636363636,19.429
155,37,3.2972972972972974,1.436936936936937,15,21029.870000000003,37,396.79,4,0,0.7928868173067181,0.3947368421052631,17.211000000000002
156,52,2.980769230769231,2.254524886877827,18,25535.66,42,440.27,2,1,0.8810011146012767,0.4186046511627907,22.926
157,32,3.28125,2.5312500000000004,20,1474.53,42,21.37,4,1,0.0320802512919242,0.4651162790697674,17.726000000000003
158,34,3.794117647058824,1.501782531194296,25,28059.52,35,412.64,8,1,0.8250075995541595,0.6944444444444444,20.305
159,44,3.3181818181818183,1.8498942917547576,21,17533.45,36,246.95,7,1,0.4892288985712838,0.5675675675675675,21.708
160,54,3.0,2.226415094339622,16,18464.16,48,419.64,1,1,0.8391934339852062,0.3265306122448979,22.744
161,37,3.135135135135135,2.453453453453454,15,1094.46,31,29.58,4,1,0.0487182085317661,0.46875,17.193
162,39,2.9743589743589745,2.2361673414304994,11,3869.6,33,138.2,7,1,0.2688418279460938,0.3235294117647059,16.199
163,43,3.232558139534884,1.8493909191583613,15,13343.45,41,325.45,0,1,0.6483128989765934,0.3571428571428571,19.023
164,29,2.5172413793103448,2.0443349753694577,19,21386.56,38,403.52,8,0,0.8065254838382815,0.4871794871794871,16.414
165,42,3.142857142857143,1.735191637630662,15,11842.2,43,232.2,9,0,0.4593373188772925,0.3409090909090909,18.729000000000003
166,35,3.0285714285714285,1.9697478991596635,16,423.36,43,8.64,6,1,0.0062822981051778,0.3636363636363636,17.029
167,32,3.0,2.516129032258064,19,14607.6,35,243.46,8,1,0.4821562468335191,0.5277777777777778,17.305
168,36,3.138888888888889,1.9515873015873009,12,12201.86,41,329.78,8,1,0.6570878508460837,0.2857142857142857,15.723
169,43,3.0232558139534884,2.3089700996677744,14,14588.58,32,383.91,2,0,0.7667848819535921,0.4242424242424242,18.596
170,38,3.131578947368421,2.495732574679943,20,27877.08,36,362.04,1,1,0.7224642820954504,0.5405405405405406,19.508
171,53,3.037735849056604,1.8447024673439765,13,6704.8,34,197.2,9,1,0.3884081467220589,0.3714285714285714,21.202
172,33,3.0303030303030303,1.9053030303030305,14,16891.77,36,344.73,1,1,0.6873847400952477,0.3783783783783784,15.608
173,35,3.057142857142857,1.8789915966386557,15,20327.04,39,423.48,5,1,0.8469753774445233,0.375,16.617
174,34,3.3823529411764706,1.7584670231729056,13,9759.64,36,238.04,8,1,0.4711723578883372,0.3513513513513513,15.508
175,39,3.2051282051282053,1.9041835357624832,14,4600.8,37,115.02,1,0,0.2218664505015705,0.3684210526315789,17.411
176,38,2.921052631578948,2.0206258890469417,10,3751.44,32,133.98,1,0,0.2602897963319485,0.303030303030303,15.496
177,46,3.260869565217391,2.1971014492753627,12,11982.25,39,292.25,4,1,0.5810315128179147,0.3,18.717
178,33,3.0303030303030303,2.5303030303030303,18,25630.19,30,434.41,5,0,0.8691255446347148,0.5806451612903226,17.19
179,26,3.1923076923076925,2.0815384615384613,21,3796.0,46,73.0,4,0,0.136710912959773,0.4468085106382978,16.338
180,29,3.206896551724138,2.169950738916256,18,23753.95,32,431.89,2,0,0.8640186442395379,0.5454545454545454,15.996
181,41,3.073170731707317,2.7695121951219512,22,10569.24,35,160.14,1,1,0.3133042861485459,0.6111111111111112,21.205
182,40,3.175,2.1480769230769234,13,11320.14,49,290.26,7,1,0.5769986827439456,0.26,17.346999999999998
183,45,2.8666666666666667,1.8,15,14017.52,35,318.58,6,0,0.6343905157564089,0.4166666666666667,19.605
184,35,3.1142857142857143,2.1042016806722685,21,13461.0,39,269.22,4,1,0.5343601175397711,0.525,19.017
185,43,2.8372093023255816,2.2823920265780733,16,679.63,33,13.87,5,1,0.0168811429729455,0.4705882352941176,19.399
186,31,2.7096774193548385,1.6129032258064515,15,2752.8,51,68.82,1,1,0.1282399432566622,0.2884615384615384,15.453
187,44,2.9545454545454546,1.9513742071881603,18,20227.2,36,412.8,2,0,0.8253318471982977,0.4864864864864865,20.508
188,31,3.0,2.333333333333334,17,13222.0,47,264.44,5,1,0.524673219171142,0.3541666666666667,16.241
189,53,2.8679245283018866,2.539912917271408,19,22202.29,43,376.31,0,1,0.751383118857027,0.4318181818181818,23.629
190,37,3.054054054054054,2.1081081081081083,20,23721.75,41,364.95,7,1,0.7283615361232141,0.4761904761904761,19.223000000000003
191,43,3.13953488372093,2.170542635658915,16,18564.0,37,357.0,3,1,0.7122504813050967,0.4210526315789473,19.411
192,31,2.774193548387097,1.7139784946236565,12,1016.75,40,29.05,5,1,0.0476441382105583,0.2926829268292683,14.22
193,54,3.0,2.1132075471698117,12,6761.6,48,211.3,4,1,0.4169824703617388,0.2448979591836734,21.144
194,35,3.085714285714286,1.845378151260504,19,5549.4400000000005,39,106.72,0,1,0.2050461039619009,0.475,18.217
195,45,2.888888888888889,2.01010101010101,19,19309.94,43,332.93,9,1,0.6634714763400548,0.4318181818181818,21.229000000000003
196,47,3.2127659574468086,2.4754856614246066,10,8521.59,34,258.23,9,1,0.5120883574830277,0.2857142857142857,18.202
197,48,2.7916666666666665,1.9131205673758855,21,5993.14,45,103.33,3,1,0.1981761070017225,0.4565217391304347,22.935
198,35,3.085714285714286,2.080672268907563,13,6350.4,41,151.2,1,1,0.2951869490323234,0.3095238095238095,15.823
199,41,3.048780487804878,1.847560975609756,15,3632.4,31,121.08,0,1,0.2341473300233053,0.46875,18.393
200,45,2.8,1.7545454545454546,17,3232.03,43,78.83,6,1,0.148525686493059,0.3863636363636363,20.429
201,33,3.363636363636364,1.9261363636363635,14,15225.65,54,323.95,3,1,0.6452730773127976,0.2545454545454545,15.662
202,34,3.588235294117647,1.5828877005347592,12,2067.58,40,54.41,0,1,0.0990373898064646,0.2926829268292683,15.12
203,47,2.723404255319149,1.943570767807586,9,6691.969999999999,49,215.87,1,1,0.4262437936974364,0.18,17.846999999999998
204,42,3.0,1.5121951219512195,18,7546.05,44,167.69,2,1,0.3286047218563177,0.4,19.932
205,40,3.1,2.194871794871794,24,7164.0,52,95.52,1,1,0.1823487688722261,0.4528301886792453,21.756
206,40,3.175,2.40448717948718,24,26462.7,52,400.95,9,1,0.8013172560543115,0.4528301886792453,21.756
207,29,3.2413793103448274,1.7610837438423643,17,26016.64,46,490.88,2,0,0.9835646975377444,0.3617021276595745,15.638
208,41,2.707317073170732,2.06219512195122,16,19703.88,47,402.12,6,0,0.8036883169520721,0.3333333333333333,18.841
209,39,3.333333333333333,1.5964912280701755,12,712.62,36,19.26,1,0,0.0278042354848515,0.3243243243243243,16.608
210,33,3.393939393939394,2.246212121212122,25,37326.24,55,444.36,0,1,0.8892896950045598,0.4464285714285714,20.065
211,36,3.055555555555556,1.9396825396825403,17,21579.36,37,353.76,1,1,0.705684466511298,0.4473684210526316,17.711000000000002
212,28,2.7857142857142856,2.2486772486772493,16,12141.24,45,263.94,1,0,0.52365994528321,0.3478260869565217,14.935
213,41,2.975609756097561,2.274390243902439,11,6341.400000000001,36,176.15,7,1,0.3457493160401256,0.2972972972972973,16.808
214,34,2.5,1.7727272727272727,16,1376.43,29,32.01,5,0,0.0536427196271152,0.5333333333333333,16.687
215,43,3.3255813953488373,2.17718715393134,16,2355.36,42,42.06,0,1,0.0740095247745465,0.3720930232558139,19.426
216,40,2.925,2.1737179487179485,15,10493.13,37,255.93,8,0,0.5074272975985409,0.3947368421052631,18.111
217,52,3.3653846153846154,1.844268476621418,14,9057.75,47,232.25,7,1,0.4594386462660857,0.2916666666666667,21.341
218,40,3.075,2.532692307692307,13,6619.45,47,161.45,0,1,0.3159590637349275,0.2708333333333333,17.341
219,37,2.945945945945946,2.1636636636636637,21,1296.18,44,22.74,9,1,0.0348566217448576,0.4666666666666667,19.632
220,51,3.156862745098039,2.1349019607843145,19,6443.400000000001,33,107.39,5,1,0.2064038909717296,0.5588235294117647,22.999
221,39,2.8461538461538463,2.3967611336032384,17,20724.06,37,422.94,4,0,0.8458810416455568,0.4473684210526316,18.611
222,39,3.0,1.947368421052632,14,2703.36,42,61.44,1,1,0.1132840206707873,0.3255813953488372,17.426000000000002
223,44,3.25,2.0988372093023258,17,21205.29,40,415.79,1,1,0.8313912250481306,0.4146341463414634,20.12
224,45,3.333333333333333,1.7727272727272727,24,31426.5,31,448.95,3,1,0.8985915492957746,0.75,23.193
225,37,3.0,1.5555555555555556,16,4895.04,32,101.98,8,1,0.1954402675043064,0.4848484848484848,17.596
226,48,3.125,2.2393617021276597,15,16191.45,33,359.81,0,1,0.7179450805552741,0.4411764705882353,20.499
227,35,3.142857142857143,2.5378151260504205,14,19360.5,39,387.21,6,1,0.7734724896139425,0.35,16.217000000000002
228,33,2.636363636363636,1.613636363636364,8,8293.43,42,267.53,0,0,0.530935251798561,0.1860465116279069,13.226
229,40,2.875,1.804487179487179,18,19457.2,39,347.45,5,1,0.6928969500455973,0.45,19.317
230,43,2.4651162790697674,2.016611295681063,11,10676.75,50,305.05,9,0,0.6069713243489715,0.2156862745098039,17.45
231,43,3.3255813953488373,1.7009966777408638,14,6600.21,36,140.43,6,0,0.2733610294862701,0.3783783783783784,18.608
232,36,3.1666666666666665,1.5714285714285714,15,9209.64,47,209.31,2,1,0.4129496402877697,0.3125,16.940999999999995
233,42,3.095238095238096,1.795586527293844,26,32164.2,37,357.38,5,1,0.713020569459925,0.6842105263157895,23.111
234,42,3.3095238095238093,1.7799070847851337,9,9682.74,47,358.62,7,1,0.7155334887019962,0.1875,16.341
235,33,2.878787878787879,2.2973484848484853,17,17085.32,41,348.68,5,1,0.6953896038099098,0.4047619047619047,16.823000000000004
236,50,3.28,2.28734693877551,18,13500.54,35,293.49,5,1,0.5835444320599859,0.5,22.305
237,27,3.5185185185185186,1.951566951566951,13,11077.5,39,263.75,9,1,0.5232749012057959,0.325,13.417000000000002
238,46,2.760869565217391,2.3193236714975844,15,5623.15,36,137.15,4,1,0.2667139527814368,0.4054054054054054,19.908
239,44,3.386363636363636,1.8239957716701911,14,12139.4,33,346.84,2,1,0.6916607559023203,0.4117647058823529,18.899
240,42,3.3095238095238093,1.5847851335656216,17,2229.2,33,55.73,1,1,0.1017124328706049,0.5,19.499
241,47,2.893617021276596,2.705827937095282,10,3923.52,41,122.61,5,1,0.2372479481203769,0.238095238095238,18.223000000000003
242,37,3.108108108108108,1.8213213213213209,17,12038.4,55,211.2,9,1,0.4167798155841524,0.3035714285714285,18.065
243,43,3.2093023255813957,2.3122923588039868,18,5382.03,40,105.53,4,1,0.2026345121086229,0.4390243902439024,20.22
244,36,3.1944444444444446,1.9325396825396823,19,17636.48,37,275.57,1,1,0.5472286959165062,0.5,18.511
245,41,3.024390243902439,2.1743902439024394,17,24590.5,37,491.81,0,1,0.9854493869692978,0.4473684210526316,19.211
246,51,3.117647058823529,2.265882352941176,18,12158.16,48,217.11,9,1,0.4287567129395075,0.3673469387755102,22.644
247,41,2.804878048780488,2.0609756097560976,12,311.6,42,7.79,6,1,0.0045597324956935,0.2790697674418604,17.226000000000003
248,36,3.083333333333333,1.621428571428572,13,9614.72,37,300.46,2,0,0.5976694700577566,0.3421052631578947,16.111
249,40,2.925,2.3275641025641027,10,6014.25,53,182.25,6,1,0.3581112574728949,0.1851851851851851,16.159
250,42,2.738095238095238,1.807781649245064,19,2286.25,52,38.75,2,0,0.0673016516364373,0.3584905660377358,20.356
251,42,3.261904761904762,1.9541231126596983,9,3205.7200000000003,42,114.49,3,1,0.2207923801803627,0.2093023255813953,16.326
252,56,3.375,2.056818181818182,18,6222.15,48,113.13,1,0,0.2180362752051879,0.3673469387755102,24.144
253,38,3.3947368421052637,1.3805120910384068,17,2965.92,48,61.79,5,1,0.1139933123923396,0.3469387755102041,18.344
254,42,3.0476190476190474,1.997677119628339,19,10464.12,40,193.78,4,0,0.3814773533286047,0.4634146341463415,20.32
255,37,2.972972972972973,1.860360360360361,17,14898.17,37,363.37,8,1,0.7251595906373492,0.4473684210526316,18.011
256,47,2.893617021276596,1.923219241443108,15,11277.5,35,225.55,5,1,0.4458607761677982,0.4166666666666667,20.205
257,36,3.083333333333333,2.021428571428572,18,30359.04,30,474.36,5,1,0.9500861282804742,0.5806451612903226,18.09
258,46,2.717391304347826,2.1628019323671497,16,14820.08,37,336.82,3,1,0.6713547471881649,0.4210526315789473,20.311
259,33,3.4545454545454546,2.130681818181819,19,22007.19,30,415.23,7,1,0.8302563582936467,0.6129032258064516,17.59
260,45,2.933333333333333,1.7,20,13706.88,43,232.32,2,1,0.4595805046103962,0.4545454545454545,21.629
261,47,2.7872340425531914,1.910268270120259,18,21101.42,40,398.14,4,1,0.7956226568041341,0.4390243902439024,21.42
262,34,2.911764705882353,2.264705882352941,15,7686.12,52,197.08,8,1,0.3881649609889553,0.2830188679245283,16.355999999999998
263,50,2.92,1.95265306122449,12,10824.96,43,338.28,4,1,0.6743135069409261,0.2727272727272727,19.929
264,35,2.857142857142857,1.890756302521008,14,21825.86,41,464.38,3,1,0.9298611814773532,0.3333333333333333,16.223000000000003
265,36,2.9444444444444446,1.711111111111111,18,11240.4,44,193.8,8,0,0.381517884284122,0.4,18.132
266,38,3.421052631578948,2.034139402560456,14,5691.5,50,113.83,2,1,0.2194548586482926,0.2745098039215686,17.15
267,43,3.2790697674418605,2.0155038759689923,10,10207.8,31,340.26,2,1,0.6783260715371364,0.3125,16.993
268,43,2.7674418604651163,1.7065337763012178,10,2474.34,44,74.98,5,0,0.1407234775559833,0.2222222222222222,17.032
269,37,2.675675675675676,2.391891891891892,10,13265.0,34,473.75,5,1,0.9488499341371972,0.2857142857142857,15.202
270,41,3.2439024390243905,1.8390243902439027,12,2341.12,39,75.52,9,1,0.1418178133549498,0.3,17.217000000000002
271,42,2.523809523809524,1.6701509872241571,19,19216.41,47,337.13,3,0,0.6719829769986827,0.3958333333333333,20.341
272,45,2.7777777777777777,2.1767676767676765,19,9081.07,38,148.87,5,1,0.2904650927145607,0.4871794871794871,21.214
273,40,2.675,2.0711538461538463,13,19992.42,33,476.01,6,1,0.9534299321106496,0.3823529411764705,17.299
274,41,2.902439024390244,2.090243902439024,16,2096.6800000000003,47,39.56,8,0,0.068943155334887,0.3333333333333333,18.841
275,39,3.076923076923077,2.020242914979758,13,14913.45,41,331.41,1,1,0.6603911237207417,0.3095238095238095,17.023
276,39,3.4871794871794872,1.6248313090418351,19,4954.88,47,88.48,1,0,0.1680818725301449,0.3958333333333333,19.441000000000003
277,44,3.4318181818181817,1.9254756871035936,10,2072.92,35,71.48,8,0,0.13363056034046,0.2777777777777778,17.305
278,30,2.8,1.889655172413793,24,30303.78,39,388.51,0,1,0.7761070017225656,0.6,18.717
279,32,2.8125,2.415322580645161,18,26144.78,37,421.69,6,1,0.843347856925727,0.4736842105263157,16.911
280,48,2.708333333333333,1.7429078014184405,13,13873.04,50,365.08,8,1,0.7286249873340763,0.2549019607843137,19.75
281,41,3.1219512195121952,2.6097560975609757,22,12949.02,34,205.54,6,1,0.4053095551727632,0.6285714285714286,21.202
282,37,2.5945945945945947,1.5255255255255251,16,11218.43,42,238.69,5,0,0.4724896139426487,0.3720930232558139,17.626
283,40,3.525,1.6916666666666662,19,25756.5,40,367.95,7,1,0.7344411794508056,0.4634146341463415,19.72
284,39,2.8974358974358974,1.6207827260458838,17,12678.5,31,253.57,9,1,0.5026446448475023,0.53125,18.593
285,38,3.1842105263157894,2.2083926031294454,24,5995.52,32,93.68,0,0,0.1786199209646367,0.7272727272727273,21.096
286,40,2.875,2.573717948717949,13,4192.84,31,113.32,1,1,0.218421319282602,0.40625,17.293
287,30,2.933333333333333,2.064367816091954,12,1099.98,40,26.19,1,0,0.0418482115715878,0.2926829268292683,13.92
288,41,3.414634146341464,2.2487804878048787,6,8386.029999999999,44,441.37,0,1,0.8832303171547269,0.1333333333333333,14.832
289,31,3.096774193548387,1.6903225806451614,12,14639.1,35,418.26,5,1,0.8363967980545141,0.3333333333333333,14.205
290,41,2.8780487804878048,1.859756097560976,18,10777.56,36,185.82,9,1,0.3653460330327287,0.4864864864864865,19.608
291,40,3.2,1.907692307692308,17,13290.6,40,260.6,9,0,0.5168912757118249,0.4146341463414634,18.92
292,32,3.34375,2.3618951612903225,17,421.77,28,8.27,0,1,0.0055324754281082,0.5862068965517241,16.483999999999998
293,31,2.967741935483871,2.765591397849463,13,9608.9,38,259.7,7,1,0.5150673827135475,0.3333333333333333,14.614
294,45,3.0444444444444443,2.1343434343434344,14,12120.0,40,303.0,2,0,0.6028169014084507,0.3414634146341463,19.22
295,46,3.1739130434782608,1.6135265700483097,22,16791.15,28,243.35,1,1,0.481933326578174,0.7586206896551724,22.684
296,30,3.0,1.793103448275862,12,5401.66,37,125.62,9,1,0.243347856925727,0.3157894736842105,13.911
297,43,2.7906976744186047,1.5027685492801774,18,1220.0,46,24.4,2,1,0.0382206910527915,0.3829787234042553,20.238000000000003
298,34,3.3823529411764706,1.6978609625668448,17,12254.78,32,260.74,8,1,0.5171749924004458,0.5151515151515151,17.096
299,32,3.125,1.532258064516129,18,6283.76,34,112.21,8,0,0.2161718512513932,0.5142857142857142,16.902
300,33,2.727272727272727,1.9545454545454548,17,19137.38,44,416.03,2,1,0.8318775965143378,0.3777777777777777,16.832000000000004
301,28,3.1785714285714284,2.744708994708995,22,8972.04,36,135.94,6,0,0.2642618299726416,0.5945945945945946,17.308000000000003
302,45,2.7777777777777777,2.313131313131313,17,1954.0,33,39.08,6,1,0.0679704124024723,0.5,20.399
303,38,2.973684210526316,1.5938833570412516,13,12923.26,46,263.74,4,1,0.5232546357280373,0.2765957446808511,16.738000000000003
304,43,3.069767441860465,2.30454042081949,20,5476.38,40,92.82,6,1,0.1768770898773938,0.4878048780487805,21.02
305,45,3.0,2.227272727272727,8,7171.17,50,377.43,5,1,0.7536528523659946,0.1568627450980392,16.849999999999998
306,38,3.0526315789473686,1.88904694167852,16,10235.52,35,213.24,9,0,0.4209139730469146,0.4444444444444444,17.905
307,42,3.0,2.1463414634146343,18,26520.61,45,395.83,7,1,0.7909413314418887,0.391304347826087,19.935
308,41,3.1707317073170733,2.245121951219512,12,5894.55,47,130.99,9,1,0.2542304184821157,0.25,17.241
309,42,2.6666666666666665,1.6910569105691056,20,10364.0,50,207.28,6,1,0.4088357483027662,0.392156862745098,20.75
310,38,2.736842105263158,2.091038406827881,13,8197.52,47,190.64,5,0,0.3751139933123923,0.2708333333333333,16.741
311,46,3.065217391304348,1.7512077294685993,16,4652.34,39,81.62,1,1,0.1541797547877191,0.4,20.317
312,47,3.0851063829787235,2.1665124884366334,24,19346.68,35,284.51,5,1,0.5653460330327287,0.6666666666666666,23.805000000000003
313,54,2.7222222222222223,1.8647798742138373,11,16898.14,46,392.98,9,0,0.7851656702806769,0.2340425531914893,20.738000000000003
314,37,2.972972972972973,2.415915915915916,17,14256.06,26,290.94,8,1,0.5783767352315331,0.6296296296296297,17.977999999999998
315,38,3.236842105263158,2.4018492176386914,16,11529.06,38,226.06,3,1,0.4468943155334887,0.4102564102564102,17.914
316,39,2.6153846153846154,1.6639676113360329,17,9960.72,46,203.28,7,1,0.4007295571993109,0.3617021276595745,18.638
317,42,3.261904761904762,2.051684088269454,15,23158.08,40,482.46,2,1,0.9665011652649712,0.3658536585365853,18.72
318,53,3.207547169811321,2.052249637155298,14,8158.87,42,220.51,0,1,0.4356469753774445,0.3255813953488372,21.626
319,42,2.833333333333333,2.3373983739837394,22,1847.82,35,23.69,3,1,0.0367818421319282,0.6111111111111112,21.505
320,31,2.7096774193548385,2.279569892473118,14,16086.42,33,473.13,6,0,0.9475934745161616,0.4117647058823529,14.999
321,44,3.136363636363636,1.422832980972515,18,24283.71,45,426.03,4,1,0.852143074272976,0.391304347826087,20.535
322,43,2.813953488372093,1.821705426356589,12,12577.92,32,393.06,7,1,0.785327794102746,0.3636363636363636,17.796000000000003
323,38,3.263157894736842,2.036984352773826,18,5184.06,35,123.43,4,1,0.2389097172965852,0.5,18.705
324,42,3.023809523809524,2.12137049941928,14,7012.200000000001,45,179.8,8,1,0.3531462154220286,0.3043478260869565,18.335
325,37,2.891891891891892,2.099099099099099,18,23296.14,47,369.78,5,1,0.7381497618806363,0.375,18.441000000000003
326,36,3.388888888888889,1.9015873015873013,18,11525.15,35,177.31,5,1,0.3481001114601276,0.5,18.105
327,33,3.272727272727273,2.204545454545454,13,8974.29,49,230.11,6,1,0.4551018340257372,0.26,15.247000000000002
328,49,3.061224489795918,2.142006802721089,12,9968.01,40,255.59,2,1,0.5067382713547471,0.2926829268292683,19.62
329,36,2.75,2.021428571428572,13,17305.78,38,402.46,1,1,0.8043773431958658,0.3333333333333333,16.114
330,41,3.097560975609756,1.8902439024390243,11,8229.33,42,283.77,0,0,0.5638463876785895,0.2558139534883721,16.826
331,33,3.484848484848485,1.8200757575757576,24,34104.3,28,431.7,0,1,0.8636336001621238,0.8275862068965517,19.584
332,36,3.1666666666666665,2.257142857142857,17,19724.06,41,340.07,9,0,0.6779410274597223,0.4047619047619047,17.723000000000003
333,39,2.7948717948717947,2.3778677462887985,16,15938.85,48,270.15,1,1,0.5362448069713243,0.3265306122448979,18.244
334,41,3.317073170731707,1.6719512195121955,17,11135.85,47,202.47,8,1,0.3990880535008613,0.3541666666666667,19.241
335,44,3.113636363636364,1.823995771670191,17,11080.94,41,240.89,5,1,0.476948019049549,0.4047619047619047,20.123
336,37,3.081081081081081,1.6321321321321316,20,17136.0,34,252.0,2,1,0.4994629648393961,0.5714285714285714,19.202
337,35,3.142857142857143,2.184873949579832,16,5795.35,37,105.37,7,1,0.2023102644644847,0.4210526315789473,17.011
338,35,2.914285714285714,1.8453781512605043,23,29471.36,33,460.49,3,1,0.9219779106292432,0.6764705882352942,19.799000000000003
339,45,3.088888888888889,2.128282828282828,12,16141.259999999998,23,424.77,5,0,0.8495896240753875,0.5,18.369
340,39,2.8205128205128207,2.1511470985155188,17,14629.05,33,247.95,6,1,0.4912554463471476,0.5,18.599
341,32,3.375,2.048387096774193,15,18063.84,55,376.33,9,0,0.7514236498125443,0.2678571428571428,15.765
342,40,2.85,1.8743589743589744,15,992.64,36,21.12,0,0,0.0315736143479582,0.4054054054054054,18.108
343,36,2.861111111111111,2.065873015873016,26,19549.32,37,232.73,3,1,0.4604113891985003,0.6842105263157895,21.311
344,38,3.3684210526315788,1.9146514935988623,11,1536.36,40,54.87,9,1,0.099969601783362,0.2682926829268293,15.92
345,42,3.023809523809524,2.560394889663182,20,8077.08,36,122.38,5,1,0.2367818421319282,0.5405405405405406,20.708
346,46,3.347826086956522,2.009661835748793,15,9883.1,39,214.85,2,1,0.4241767149660553,0.375,19.917
347,35,2.4571428571428573,1.6084033613445377,23,13458.490000000002,43,228.11,9,1,0.4510487384740095,0.5227272727272727,19.829000000000004
348,32,2.90625,2.60383064516129,14,16926.84,32,403.02,3,1,0.8055122099503496,0.4242424242424242,15.296
349,46,3.239130434782609,1.4748792270531403,20,15543.45,34,239.13,2,0,0.4733812949640287,0.5714285714285714,21.902
350,44,3.0681818181818183,1.7394291754756874,13,11311.44,42,269.32,2,1,0.5345627723173574,0.3023255813953488,18.526
351,40,2.925,2.225,15,17198.399999999998,42,429.96,8,1,0.8601074070321207,0.3488372093023256,18.126
352,49,2.693877551020408,1.7168367346938778,7,6117.599999999999,35,407.84,4,0,0.8152801702300131,0.1944444444444444,17.605
353,33,2.5454545454545454,2.0681818181818183,16,6612.4800000000005,45,183.68,1,1,0.3610092207923802,0.3478260869565217,16.435000000000002
354,27,3.037037037037037,1.575498575498576,16,3055.4700000000003,46,65.01,4,1,0.1205187962306211,0.3404255319148936,14.638
355,51,3.0392156862745097,2.598431372549019,12,14700.6,47,326.68,6,1,0.6508055527409059,0.25,20.241
356,38,2.789473684210526,2.22475106685633,11,8374.539999999999,49,246.31,1,0,0.4879319079947309,0.22,15.947
357,38,3.1052631578947367,1.9886201991465149,19,13604.48,47,234.56,6,1,0.4641199716283311,0.3958333333333333,19.141
358,42,3.023809523809524,1.9750290360046456,10,6911.04,28,287.96,9,1,0.5723376228594589,0.3448275862068966,16.684
359,38,2.526315789473684,1.931721194879089,14,4954.74,34,117.97,2,1,0.2278447664403688,0.4,17.102
360,35,2.942857142857143,2.114285714285714,13,6406.42,46,139.27,6,0,0.2710102340662681,0.2765957446808511,15.838
361,38,2.6578947368421053,2.014935988620199,15,3456.72,42,96.02,9,1,0.183362042760158,0.3488372093023256,17.526
362,37,2.972972972972973,2.138138138138138,17,4205.76,37,87.62,3,0,0.166339041442902,0.4473684210526316,18.011
363,44,3.1818181818181817,2.245243128964059,16,956.65,31,18.05,5,1,0.0253521126760563,0.5,19.693
364,37,3.2432432432432434,2.244744744744745,19,4174.860000000001,42,81.86,8,1,0.1546661262539264,0.4418604651162791,18.826
365,44,3.227272727272727,1.9006342494714592,18,18505.5,49,370.11,7,1,0.7388185226466714,0.36,20.547
366,45,3.0,2.227272727272727,15,765.6,34,19.14,5,0,0.0275610497517478,0.4285714285714285,19.602
367,38,2.8947368421052637,1.6642958748221903,13,20113.25,39,467.75,0,1,0.9366906474820144,0.325,16.717000000000002
368,37,2.810810810810811,1.935435435435436,14,9701.58,36,230.99,6,0,0.4568851960684973,0.3783783783783784,16.808
369,33,3.575757575757576,1.87689393939394,18,9180.24,39,158.28,5,1,0.3095349072854392,0.45,17.217000000000002
370,40,3.075,1.609615384615385,16,6452.99,46,157.39,3,1,0.3077312797649204,0.3404255319148936,18.538
371,47,2.851063829787234,2.0860314523589274,19,15578.36,34,264.04,4,1,0.5238626000607964,0.5428571428571428,21.802
372,43,3.069767441860465,2.4473975636766334,17,16192.2,35,269.87,8,0,0.5356773735940825,0.4722222222222222,19.805000000000003
373,40,3.025,1.922435897435898,16,19973.72,45,384.11,8,1,0.7671901915087649,0.3478260869565217,18.535
374,31,3.161290322580645,1.8064516129032264,20,12916.6,41,189.95,4,0,0.3737156753470463,0.4761904761904761,17.423
375,31,3.3870967741935485,2.111827956989247,15,3861.9,41,85.82,9,0,0.1626912554463471,0.3571428571428571,15.422999999999998
376,37,3.3513513513513518,2.123123123123124,15,2387.34,34,44.21,7,1,0.0783666024926537,0.4285714285714285,17.202
377,43,3.0,2.3333333333333326,11,12160.8,44,405.36,8,1,0.8102543317458709,0.2444444444444444,17.432000000000002
378,37,2.864864864864865,2.0645645645645647,19,2802.61,40,59.63,2,1,0.1096159691964738,0.4634146341463415,18.82
379,33,3.0303030303030303,2.0928030303030303,14,3624.52,36,97.96,6,1,0.1872935454453338,0.3783783783783784,15.608
380,44,3.0681818181818183,2.530126849894291,17,7087.85,45,144.65,2,1,0.2819130611004155,0.3695652173913043,20.135
381,40,2.8,1.805128205128205,11,2546.88,34,79.59,7,0,0.1500658628027155,0.3142857142857143,16.502
382,36,2.6666666666666665,1.7714285714285711,23,37424.25,43,498.99,8,1,1.0000000000000002,0.5227272727272727,20.129
383,27,3.111111111111111,1.948717948717949,17,1702.48,41,32.74,3,0,0.0551220995034957,0.4047619047619047,15.023
384,40,3.075,1.917307692307692,19,21970.13,26,448.37,2,1,0.8974161515857736,0.7037037037037037,19.678
385,35,3.085714285714286,1.6689075630252102,10,5864.1,39,195.47,3,1,0.3849022190698146,0.25,14.617
386,30,3.1666666666666665,1.5919540229885056,15,18080.02,36,368.98,7,0,0.7365285236599454,0.4054054054054054,15.108
387,37,3.0,1.944444444444444,16,18737.2,45,468.43,9,1,0.9380686999696016,0.3478260869565217,17.635
388,32,2.75,2.193548387096774,20,17337.78,39,321.07,8,1,0.6394366197183098,0.5,17.717000000000002
389,32,3.125,2.112903225806451,20,23871.75,41,318.29,3,1,0.6338028169014085,0.4761904761904761,17.723000000000003
390,33,3.242424242424242,2.251893939393939,14,8639.99,43,200.93,6,0,0.395967169926031,0.3181818181818182,15.629
391,36,2.9166666666666665,2.0785714285714287,12,8308.960000000001,48,188.84,6,0,0.3714662073158374,0.2448979591836734,15.744
392,46,3.0217391304347827,2.332850241545894,19,9488.6,30,172.52,3,1,0.33839294761374,0.6129032258064516,21.49
393,39,2.8205128205128207,2.414304993252361,18,17608.0,40,352.16,1,0,0.7024419900699159,0.4390243902439024,19.02
394,32,3.21875,2.047379032258065,14,16691.62,38,490.93,7,0,0.9836660249265377,0.358974358974359,15.314
395,58,2.913793103448276,1.974894131881428,16,15924.28,33,346.18,7,1,0.6903232343702503,0.4705882352941176,23.899
396,44,2.9545454545454546,2.6490486257928114,21,19158.12,39,354.78,4,0,0.707751545242679,0.525,21.717
397,47,3.0638297872340425,2.017576318223867,13,3408.3,47,97.38,7,1,0.1861181477353328,0.2708333333333333,19.441000000000003
398,33,3.121212121212121,2.4848484848484844,19,5399.68,41,84.37,6,1,0.1597527611713446,0.4523809523809524,17.623
399,29,3.586206896551724,2.0369458128078817,7,3547.6800000000003,46,186.72,8,0,0.3671699260310062,0.1489361702127659,11.638
400,25,2.72,1.8766666666666665,15,12782.57,40,311.77,2,1,0.6205897254027763,0.3658536585365853,13.62
401,36,3.2222222222222223,2.12063492063492,14,15185.91,45,410.43,3,1,0.8205289289695005,0.3043478260869565,16.535
402,45,2.933333333333333,2.472727272727273,23,11198.92,37,164.69,6,1,0.3225250785287263,0.6052631578947368,22.811000000000003
403,46,3.239130434782609,1.5193236714975846,20,1706.88,51,26.67,5,1,0.0428209545040024,0.3846153846153846,21.953
404,32,3.0,1.870967741935484,16,11036.7,43,245.26,7,0,0.4858040328300739,0.3636363636363636,16.129
405,40,2.7,2.0615384615384618,12,14124.15,36,313.87,0,1,0.6248454757320904,0.3243243243243243,16.908
406,32,2.9375,2.189516129032258,14,16214.85,41,360.33,7,0,0.7189988853987233,0.3333333333333333,15.323
407,40,3.075,2.071153846153846,15,16863.0,37,401.5,3,0,0.8024318573310366,0.3947368421052631,18.111
408,56,2.9285714285714284,1.9220779220779225,17,21873.1,37,412.7,1,1,0.8251291924207113,0.4473684210526316,23.711
409,41,2.804878048780488,1.960975609756097,12,14177.4,35,472.58,8,1,0.9464788732394366,0.3333333333333333,17.205000000000002
410,35,2.8285714285714287,2.087394957983193,12,8221.08,34,195.74,7,1,0.3854493869692978,0.3428571428571428,15.402
411,26,2.9615384615384617,1.558461538461539,17,10947.04,46,210.52,5,1,0.415401763096565,0.3617021276595745,14.738
412,41,3.2439024390243905,2.289024390243902,14,20332.0,39,442.0,0,0,0.8845070422535212,0.35,18.017
413,39,3.1794871794871797,2.0985155195681515,18,16854.48,38,330.48,5,0,0.6585064342891884,0.4615384615384615,19.014
414,41,2.8536585365853657,1.8280487804878045,22,19687.59,49,277.29,1,0,0.550714358090992,0.44,21.247
415,42,3.1666666666666665,2.09349593495935,21,20206.56,45,306.16,9,0,0.6092207923801805,0.4565217391304347,21.135
416,27,3.1481481481481484,1.5925925925925928,12,6045.6,51,183.2,5,1,0.3600364778599655,0.2307692307692307,13.053
417,37,2.810810810810811,2.0465465465465478,17,14095.3,35,299.9,4,1,0.5965346033032728,0.4722222222222222,18.005
418,32,2.6875,1.9637096774193552,14,5232.9800000000005,38,111.34,8,1,0.2144087546863917,0.358974358974359,15.314
419,38,3.5526315789473686,1.7674253200568992,13,10479.6,50,232.88,3,1,0.4607153713648799,0.2549019607843137,16.75
420,32,3.3125,2.028225806451613,22,8062.11,41,120.33,6,0,0.2326274191914074,0.5238095238095238,18.523
421,36,3.0277777777777777,2.3706349206349207,20,23949.9,46,368.46,6,1,0.7354747188164961,0.425531914893617,18.938
422,38,3.0789473684210527,1.8044096728307255,17,16426.4,39,410.66,0,1,0.8209950349579491,0.425,18.317000000000004
423,36,2.9166666666666665,2.307142857142857,16,2499.45,47,43.85,6,1,0.0776370452933428,0.3333333333333333,17.341
424,48,3.020833333333333,2.318705673758865,20,30721.02,48,465.47,9,1,0.9320701185530448,0.4081632653061224,22.544
425,26,3.5384615384615383,1.2984615384615383,17,8261.11,27,155.87,9,1,0.3046509271456075,0.6071428571428571,14.681
426,50,2.74,1.9514285714285724,12,11563.2,45,350.4,1,0,0.6988752659843955,0.2608695652173913,19.935
427,49,2.7551020408163267,1.8554421768707483,14,7390.36,31,254.84,6,0,0.5052183605228493,0.4375,20.393
428,39,3.128205128205128,2.2199730094466936,8,4799.2,41,171.4,2,0,0.3361232141047725,0.1904761904761904,15.022999999999998
429,44,3.022727272727273,1.6971458773784356,17,10113.5,32,202.27,8,1,0.3986827439456885,0.5151515151515151,20.096
430,44,2.9545454545454546,2.0443974630021136,20,5565.24,32,103.06,0,1,0.1976289391022393,0.6060606060606061,21.296
431,46,3.108695652173913,2.0990338164251203,16,28417.35,32,498.55,5,1,0.99910831897862,0.4848484848484848,20.296
432,37,3.1621621621621623,1.5840840840840835,20,9079.95,39,165.09,8,1,0.3233356976390718,0.5,19.217
433,28,3.25,2.2685185185185186,17,9476.31,42,185.81,9,1,0.3653257675549701,0.3953488372093023,15.326
434,35,2.857142857142857,2.3025210084033616,19,31115.07,58,493.89,8,1,0.9896646063430946,0.3220338983050847,18.274
435,39,3.128205128205128,1.5883940620782724,13,17112.13,29,462.49,0,1,0.9260310061809708,0.4333333333333333,16.987
436,42,2.857142857142857,2.076655052264808,20,21523.22,42,371.09,3,1,0.7408045394670179,0.4651162790697674,20.726000000000003
437,38,3.3157894736842106,2.330014224751067,11,11846.62,32,348.43,4,0,0.6948829668659439,0.3333333333333333,15.896
438,36,2.888888888888889,1.9873015873015876,15,5097.62,43,108.46,4,1,0.2085722970919039,0.3409090909090909,16.929
439,39,3.128205128205128,1.956815114709852,17,14416.86,45,313.41,5,0,0.6239132637551931,0.3695652173913043,18.635
440,49,2.877551020408163,1.7346938775510206,16,1352.52,47,26.52,6,1,0.0425169723376228,0.3333333333333333,21.241
441,40,3.125,1.8044871794871795,20,1626.56,30,31.28,6,1,0.0521633397507346,0.6451612903225806,20.09
442,40,3.2,1.3948717948717948,16,17658.54,32,333.18,9,1,0.6639781132840207,0.4848484848484848,18.496
443,34,2.9705882352941178,1.968805704099822,20,28668.42,41,434.37,4,0,0.8690444827236802,0.4761904761904761,18.323
444,42,2.9761904761904763,2.1701509872241576,19,24430.68,53,452.42,5,1,0.905623670078022,0.3518518518518518,20.359
445,27,3.259259259259259,2.276353276353276,12,8090.24,36,252.82,2,1,0.5011247340156044,0.3243243243243243,13.008
446,37,2.45945945945946,1.644144144144144,14,6549.48,43,155.94,7,1,0.3047927854899179,0.3181818181818182,16.829
447,41,3.292682926829268,1.4621951219512197,18,10492.78,26,180.91,1,1,0.3553956834532374,0.6666666666666666,19.578
448,23,3.0,2.1818181818181817,16,21997.5,53,439.95,4,1,0.8803526193130002,0.2962962962962963,13.459
449,31,3.419354838709677,1.651612903225807,15,7141.38,43,174.18,7,1,0.3417570169216739,0.3409090909090909,15.428999999999998
450,38,3.3157894736842106,1.3029871977240397,12,20661.5,47,480.5,9,0,0.962529131624278,0.25,16.341
451,36,2.555555555555556,1.6825396825396828,14,3385.62,32,80.61,7,1,0.1521329415340966,0.4242424242424242,16.496
452,34,3.088235294117647,2.0222816399287,12,2528.28,41,70.23,0,1,0.1310973756206302,0.2857142857142857,15.123
453,33,2.8181818181818183,2.2784090909090917,15,13141.16,41,345.82,2,0,0.6895936771709393,0.3571428571428571,16.023
454,32,3.40625,2.119959677419355,14,19276.74,41,458.97,2,1,0.91889755800993,0.3333333333333333,15.323
455,45,3.2,2.027272727272727,10,14299.04,42,420.56,2,1,0.8410578579390009,0.2325581395348837,17.626
456,26,2.8461538461538463,2.535384615384616,5,2327.4,43,155.16,9,1,0.3032120782247441,0.1136363636363636,9.929
457,34,3.3529411764705883,1.9322638146167552,18,3646.24,32,70.12,7,1,0.1308744553652852,0.5454545454545454,17.496
458,41,3.317073170731707,1.871951219512195,15,4175.5,54,119.3,6,0,0.2305400749822677,0.2727272727272727,18.462
459,48,3.25,2.021276595744681,17,19072.8,36,423.84,2,1,0.8477049346438341,0.4594594594594595,21.308
460,34,2.9411764705882355,2.663101604278075,20,14612.55,38,239.55,9,1,0.4742324450298916,0.5128205128205128,18.314
461,31,2.7419354838709675,2.3311827956989246,20,35657.93,30,463.09,9,1,0.9272469348464888,0.6451612903225806,17.389999999999997
462,32,2.96875,2.289314516129032,7,2038.3,42,92.65,7,0,0.176532576755497,0.1627906976744186,12.526
463,45,2.888888888888889,1.91919191919192,23,31549.56,35,444.36,1,0,0.8892896950045598,0.6388888888888888,22.805000000000003
464,35,2.8,1.9294117647058824,12,8923.01,36,307.69,1,1,0.612321410477252,0.3243243243243243,15.408
465,41,3.1219512195121952,2.659756097560976,9,5942.3,46,228.55,5,1,0.4519404194953896,0.1914893617021276,16.038
466,36,2.6666666666666665,2.228571428571428,18,10242.33,46,200.83,5,0,0.3957645151484446,0.3829787234042553,18.138
467,35,3.257142857142857,2.667226890756303,17,6532.68,30,98.98,5,1,0.1893606241767149,0.5483870967741935,17.39
468,37,2.864864864864865,2.009009009009009,19,12204.84,35,214.12,0,1,0.4226973350896747,0.5277777777777778,18.805
469,44,3.2954545454545454,2.0269556025369986,20,4081.14,39,49.77,0,1,0.0896342081264565,0.5,21.317
470,35,2.857142857142857,1.831932773109244,21,10401.93,34,165.11,9,1,0.3233762285945891,0.6,19.002
471,40,2.925,2.58397435897436,19,6568.29,44,128.79,0,1,0.2497720133752153,0.4222222222222222,19.732000000000003
472,35,3.085714285714286,1.7865546218487391,25,24820.6,33,354.58,3,0,0.7073462356875063,0.7352941176470589,20.599
473,43,2.7906976744186047,2.074197120708748,11,15679.29,46,475.13,5,1,0.9516465700678892,0.2340425531914893,17.438000000000002
474,24,2.875,2.3750000000000004,13,10542.04,35,284.92,2,1,0.5661769176208329,0.3611111111111111,12.505
475,35,3.057142857142857,1.93781512605042,17,21600.88,42,385.73,2,1,0.7704731989056642,0.3953488372093023,17.426000000000002
476,32,2.90625,2.0231854838709675,16,15439.41,35,315.09,0,1,0.6273178640186442,0.4444444444444444,16.105
477,39,2.6923076923076925,1.9554655870445343,14,18809.63,40,383.87,4,0,0.7667038200425575,0.3414634146341463,17.42
478,34,2.8529411764705883,2.008021390374332,9,7036.85,50,305.95,5,0,0.608795217347249,0.1764705882352941,13.95
479,39,2.948717948717949,1.892037786774629,16,8949.2,36,223.73,0,1,0.442172459215726,0.4324324324324324,18.208
480,27,2.592592592592593,2.01994301994302,20,18083.24,30,311.78,5,1,0.6206099908805349,0.6451612903225806,16.19
481,39,3.1794871794871797,1.940620782726046,16,1613.0,47,32.26,2,1,0.0541493565710811,0.3333333333333333,18.241
482,47,3.276595744680851,2.334875115633672,18,9621.99,37,152.73,6,1,0.298287567129395,0.4736842105263157,21.411
483,36,2.611111111111111,1.673015873015873,10,2206.36,39,84.86,9,1,0.1607457695815178,0.25,14.916999999999998
484,31,2.870967741935484,2.0494623655913977,18,8431.34,37,183.29,0,1,0.3602188671597933,0.4736842105263157,16.611
485,36,2.9444444444444446,1.9968253968253973,10,13563.99,47,411.03,1,1,0.8217448576350187,0.2083333333333333,14.941
486,36,3.388888888888889,1.9015873015873013,10,2219.6,42,71.6,8,1,0.1338737460735636,0.2325581395348837,14.925999999999998
487,34,3.147058823529412,1.765597147950089,13,11117.4,44,264.7,5,1,0.5252001215928666,0.2888888888888888,15.531999999999998
488,44,3.4318181818181817,1.367336152219873,15,21227.38,34,493.66,6,1,0.9891985003546458,0.4285714285714285,19.302
489,45,3.2444444444444445,1.734343434343434,14,16137.080000000002,41,424.66,9,1,0.8493667038200426,0.3333333333333333,19.223000000000003
490,42,2.619047619047619,2.1440185830429725,14,10489.5,44,283.5,2,0,0.5632992197791062,0.3111111111111111,18.332
491,28,2.9285714285714284,1.6984126984126984,15,5409.0,28,120.2,2,1,0.2323639679805451,0.5172413793103449,14.484
492,36,3.333333333333333,2.228571428571429,10,6583.36,35,235.12,3,0,0.4652548383828149,0.2777777777777778,14.905
493,43,2.976744186046512,2.308970099667774,13,5277.13,40,170.23,9,1,0.3337521532070118,0.3170731707317073,18.22
494,39,2.9743589743589745,2.499325236167341,15,5368.54,40,130.94,7,1,0.2541290910933225,0.3658536585365853,17.82
495,41,2.5609756097560976,1.6524390243902438,14,15846.54,47,344.49,4,1,0.6868983686290404,0.2916666666666667,18.041
496,43,3.069767441860465,2.1140642303433,24,12645.0,40,168.6,2,0,0.3304488803323538,0.5853658536585366,22.62
497,38,3.263157894736842,2.523470839260313,10,7786.88,37,243.34,4,1,0.4819130611004154,0.2631578947368421,15.511
498,49,2.857142857142857,2.1666666666666665,12,15320.58,49,464.26,0,1,0.9296179957442496,0.24,19.647
499,34,3.0294117647058822,1.8475935828877008,25,19306.89,41,279.81,6,1,0.5558212584861688,0.5952380952380952,20.323
500,37,3.2972972972972974,1.7147147147147144,14,19398.4,43,484.96,1,1,0.9715675347046306,0.3181818181818182,16.829
